levels 7114.442849314585 -18514.381315831255 18514.381315831255 169907.30906009633 4962.531695386634 -20321.960228475742 20321.960228475742 84953.65453004817 3443.8263664334954 -21600.111535136464 21600.111535136464 42476.82726502408 2372.151915018073 -22503.900991458708 22503.900991458708 21238.41363251204 1615.4403433242687 -23142.97664478907 23142.97664478907 10619.20681625602 1080.8187565071546 -23594.87137295019 23594.87137295019 5309.60340812801 715.0257045493397 -23897.562881690155 23897.562881690155 2654.801704064005 460.0274045264377 -24111.598100127772 24111.598100127772 1327.4008520320026 280.63823925450936 -24262.943854497753 24262.943854497753 663.7004260160013 154.02414951859046 -24369.96146371656 24369.96146371656 331.85021300800065 80.37311303826117 -24423.54441447554 24423.54441447554 165.92510650400033 40.959366806511 -24450.33588985503 24450.33588985503 82.96255325200016 20.605507035723065 -24463.731627544774 24463.731627544774 41.48127662600008 10.266848072346773 -24470.429496389646 24470.429496389646 20.74063831300004 5.057090717599517 -24473.778430812083 24473.778430812083 10.37031915650002 2.4421061710702285 -24475.4528980233 24475.4528980233 5.18515957825001 1.1320877052939486 -24476.29013162891 24476.29013162891 2.592579789125005 0.4764469929722198 -24476.708748431713 24476.708748431713 1.2962898945625025 0.14846878412653805 -24476.918056833114 24476.918056833114 0.6481449472812513 0 -24476.918056833114 24476.918056833114 0.32407247364062564 0.03711719603163451 -24476.918056833114 24476.918056833114 0.16203623682031282 0.031549616626889335 -24476.918056833114 24476.918056833114 0.08101811841015641 0.030157721775703042 -24476.918056833114 24476.918056833114 0.040509059205078204 0.02980974806290647 -24476.918056833114 24476.918056833114 0.020254529602539102 0.029722754634707325 -24476.918056833114 24476.918056833114 0.010127264801269551
sigma 645.0194825992027 455.09445208517485 320.3769249053163 224.51409946443735 155.8498773871753 105.97398734233192 73.29020905436637 49.415980393317376 31.25989932377785 15.646162452266916 7.82303646180478 3.9114287009642723 1.955535280358565 0.977409417914034 0.48798760701686966 0.24255429947910795 0.1183543792778209 0.0529296875 0 0 0 0 0 0 0
site -1845.838088505113
1 0 0 0 -5520.63623046875 7063.85888671875
1 1 1 0 -5494.4345703125 7402.7509765625
3 0 0 0 -5261.734375 7063.85888671875
3 1 0 0 -1256.25390625 6954.64306640625
3 1 0 1 -4767.79638671875 4616.5234375
3 1 1 0 199.02590942382812 7369.46484375
3 1 1 1 -6164.84228515625 3305.417724609375
3 10 642 588 -2212.109619140625 -1751.8341064453125
3 10 642 589 -2264.72509765625 -1801.715576171875
3 10 642 590 -2216.93017578125 -1741.86669921875
3 10 642 591 -2091.287109375 -1654.7138671875
3 10 642 592 -1863.7552490234375 -1402.0478515625
3 10 643 587 -2158.06591796875 -1793.2945556640625
3 10 643 588 -2156.523681640625 -1856.896240234375
3 10 643 589 -2415.859619140625 -2017.554931640625
3 10 643 590 -2389.082763671875 -1784.7530517578125
3 10 643 591 -2075.9931640625 -1776.9453125
3 10 643 592 -2030.3773193359375 -1538.959228515625
3 10 643 593 -1804.6060791015625 -1406.4263916015625
3 10 644 585 -1671.3494873046875 -1160.4583740234375
3 10 644 586 -1913.8839111328125 -1477.345458984375
3 10 644 587 -2030.7760009765625 -1716.3837890625
3 10 644 588 -2107.781982421875 -1663.7259521484375
3 10 644 589 -2370.712646484375 -1898.4332275390625
3 10 644 590 -2358.76904296875 -1845.067138671875
3 10 644 591 -2157.8603515625 -1785.8643798828125
3 10 644 592 -2173.32568359375 -1615.9085693359375
3 10 644 593 -1852.5479736328125 -1529.119140625
3 10 645 584 -1308.352783203125 -815.6686401367188
3 10 645 585 -1492.0570068359375 -1083.6024169921875
3 10 645 586 -1779.1641845703125 -1125.29736328125
3 10 645 587 -1941.40234375 -1369.389404296875
3 10 645 588 -2005.134521484375 -1442.5374755859375
3 10 645 589 -2074.931396484375 -1651.2900390625
3 10 645 590 -2060.83984375 -1738.4251708984375
3 10 645 591 -2068.583984375 -1763.371826171875
3 10 645 592 -2232.823974609375 -1812.6431884765625
3 10 645 593 -2169.55712890625 -1754.5240478515625
3 10 646 583 -964.3255615234375 -456.7710876464844
3 10 646 584 -1140.748046875 -804.4273681640625
3 10 646 585 -1288.8092041015625 -876.9888305664062
3 10 646 586 -1425.9610595703125 -995.1740112304688
3 10 646 587 -1672.4820556640625 -1201.18505859375
3 10 646 588 -1805.5418701171875 -1421.080810546875
3 10 646 589 -1847.2041015625 -1551.3427734375
3 10 646 590 -2075.59326171875 -1603.479736328125
3 10 646 591 -2063.706298828125 -1726.9190673828125
3 10 646 592 -2169.413818359375 -1653.63818359375
3 10 646 593 -2058.849609375 -1759.5006103515625
3 10 647 582 -760.46923828125 -223.9956512451172
3 10 647 583 -968.256103515625 -555.0179443359375
3 10 647 584 -1189.1724853515625 -812.7614135742188
3 10 647 585 -1181.1702880859375 -834.1363525390625
3 10 647 586 -1313.6375732421875 -936.0166625976562
3 10 647 587 -1599.5399169921875 -1036.154296875
3 10 647 588 -1636.8018798828125 -1136.48974609375
3 10 647 589 -1757.8685302734375 -1431.800048828125
3 10 647 590 -1952.5439453125 -1495.8189697265625
3 10 647 591 -1950.5594482421875 -1630.20654296875
3 10 647 592 -1946.5894775390625 -1645.343017578125
3 10 647 593 -1895.54833984375 -1581.52734375
3 10 648 582 -611.3569946289062 -118.45648193359375
3 10 648 583 -897.2239379882812 -241.039794921875
3 10 648 584 -963.5363159179688 -556.8189697265625
3 10 648 585 -1051.0284423828125 -763.2135620117188
3 10 648 586 -1093.238037109375 -743.826171875
3 10 648 587 -1245.714111328125 -776.4530029296875
3 10 648 588 -1689.7149658203125 -1024.96630859375
3 10 648 589 -1876.36376953125 -1423.2147216796875
3 10 648 590 -1765.983154296875 -1489.9422607421875
3 10 648 591 -1964.670654296875 -1602.3642578125
3 10 648 592 -1950.8798828125 -1656.7235107421875
3 10 648 593 -2042.179443359375 -1666.0098876953125
3 10 648 594 -2091.115234375 -1805.6954345703125
3 10 649 584 -870.8599853515625 -448.7947082519531
3 10 649 585 -860.8375854492188 -456.1065368652344
3 10 649 586 -858.7958984375 -540.1676025390625
3 10 649 587 -1064.6268310546875 -575.2880249023438
3 10 649 588 -1488.883056640625 -837.8945922851562
3 10 649 589 -1680.544921875 -1059.23046875
3 10 649 590 -1752.415283203125 -1402.013916015625
3 10 649 591 -1896.493896484375 -1517.738037109375
3 10 649 592 -2026.9825439453125 -1612.7138671875
3 10 649 593 -2091.982177734375 -1824.596923828125
3 10 649 594 -2167.69091796875 -1860.8277587890625
3 10 650 586 -825.286865234375 -526.6240844726562
3 10 650 587 -995.5302734375 -589.3659057617188
3 10 650 588 -1183.8294677734375 -848.9330444335938
3 10 650 589 -1442.508056640625 -1007.363525390625
3 10 650 590 -1660.110595703125 -1163.0537109375
3 10 650 591 -1665.3382568359375 -1364.287353515625
3 10 650 592 -1956.1463623046875 -1489.615966796875
3 10 650 593 -2104.923095703125 -1772.6510009765625
3 10 650 594 -2207.508056640625 -1853.3377685546875
3 10 651 588 -1134.96337890625 -751.0361938476562
3 10 651 589 -1176.674560546875 -891.643310546875
3 10 651 590 -1582.58544921875 -1035.78759765625
3 10 651 591 -1603.772216796875 -1264.8349609375
3 10 651 592 -1863.3287353515625 -1297.9476318359375
3 10 651 593 -1941.9752197265625 -1617.69873046875
3 10 652 590 -1555.48291015625 -1072.140625
3 10 652 591 -1683.7906494140625 -1346.1304931640625
3 10 652 592 -1762.6304931640625 -1346.1304931640625
3 11 1289 1174 -1943.7713623046875 -1702.4520263671875
3 11 1289 1175 -1973.9276123046875 -1763.0699462890625
3 11 1289 1176 -2018.4681396484375 -1662.3807373046875
3 11 1290 1174 -1837.872314453125 -1595.602294921875
3 11 1290 1175 -1942.6988525390625 -1617.4637451171875
3 11 1290 1176 -1874.140380859375 -1520.4622802734375
3 11 1291 1175 -1701.0858154296875 -1531.562744140625
3 11 1291 1176 -1684.2962646484375 -1441.9764404296875
3 11 1291 1177 -1785.810302734375 -1490.24951171875
3 11 1292 1175 -1675.297119140625 -1514.4974365234375
3 11 1292 1176 -1623.190673828125 -1424.35986328125
3 11 1292 1177 -1805.5418701171875 -1532.484619140625
3 11 1292 1178 -1848.05029296875 -1630.869384765625
3 11 1293 1177 -1784.4761962890625 -1421.080810546875
3 11 1296 1180 -1769.8052978515625 -1541.759521484375
3 11 1296 1181 -1698.83349609375 -1487.3851318359375
3 11 1296 1182 -1900.3782958984375 -1601.560302734375
3 11 1296 1183 -1970.5943603515625 -1787.582763671875
3 11 1296 1184 -1960.35009765625 -1786.7506103515625
3 11 1296 1185 -1952.9976806640625 -1746.01171875
3 11 1296 1186 -1887.119140625 -1679.181640625
3 11 1296 1187 -1948.1776123046875 -1677.0303955078125
3 11 1297 1180 -1766.900634765625 -1535.2119140625
3 11 1297 1181 -1740.0335693359375 -1504.435546875
3 11 1297 1182 -1968.01611328125 -1632.141357421875
3 11 1297 1183 -1966.6070556640625 -1708.0277099609375
3 11 1297 1184 -1949.0240478515625 -1809.3323974609375
3 11 1297 1185 -1919.4034423828125 -1644.290771484375
3 11 1297 1186 -1952.381591796875 -1675.65771484375
3 11 1297 1187 -2042.179443359375 -1826.9091796875
3 11 1298 1178 -1671.9368896484375 -1140.7779541015625
3 11 1298 1179 -1690.2835693359375 -1373.211181640625
3 11 1298 1180 -1754.5357666015625 -1495.455322265625
3 11 1298 1181 -1682.07373046875 -1492.7998046875
3 11 1298 1182 -1863.998291015625 -1547.61669921875
3 11 1298 1183 -1898.12109375 -1646.617919921875
3 11 1298 1184 -2030.718994140625 -1762.9871826171875
3 11 1298 1185 -1991.504150390625 -1801.519775390625
3 11 1298 1186 -1970.575927734375 -1821.878662109375
3 11 1298 1187 -2041.3026123046875 -1835.0836181640625
3 11 1298 1188 -2048.476806640625 -1871.18115234375
3 11 1299 1178 -1432.91552734375 -1057.1318359375
3 11 1299 1179 -1572.33203125 -1256.41015625
3 11 1299 1180 -1652.4014892578125 -1401.2965087890625
3 11 1299 1181 -1622.632568359375 -1392.1798095703125
3 11 1299 1182 -1746.651123046875 -1509.12841796875
3 11 1299 1183 -1810.087890625 -1585.7392578125
3 11 1299 1184 -1982.909912109375 -1608.8111572265625
3 11 1299 1185 -1998.4898681640625 -1793.07421875
3 11 1299 1186 -2092.029052734375 -1843.764404296875
3 11 1299 1187 -2091.982177734375 -1837.4451904296875
3 11 1299 1188 -2157.084716796875 -1951.57763671875
3 11 1300 1176 -1083.4945068359375 -841.7665405273438
3 11 1300 1177 -1186.5968017578125 -950.4927368164062
3 11 1300 1178 -1323.197021484375 -1098.160400390625
3 11 1300 1179 -1445.4122314453125 -1151.588134765625
3 11 1300 1180 -1543.256591796875 -1240.6239013671875
3 11 1300 1181 -1668.978515625 -1348.14599609375
3 11 1300 1182 -1637.9969482421875 -1435.7666015625
3 11 1300 1183 -1667.3817138671875 -1423.9451904296875
3 11 1300 1184 -1802.3590087890625 -1489.615966796875
3 11 1300 1185 -1962.327880859375 -1708.3780517578125
3 11 1300 1186 -2111.611328125 -1863.03759765625
3 11 1300 1187 -2079.66455078125 -1895.5364990234375
3 11 1300 1188 -2130.6552734375 -1959.8746337890625
3 11 1301 1176 -1096.2158203125 -892.2144165039062
3 11 1301 1177 -1146.9639892578125 -916.224365234375
3 11 1301 1178 -1257.3204345703125 -1005.7203369140625
3 11 1301 1179 -1278.9322509765625 -1068.1600341796875
3 11 1301 1180 -1428.58203125 -1162.2872314453125
3 11 1301 1181 -1523.4439697265625 -1249.3214111328125
3 11 1301 1182 -1534.5841064453125 -1351.28857421875
3 11 1301 1183 -1580.2276611328125 -1371.66259765625
3 11 1301 1184 -1731.7164306640625 -1489.615966796875
3 11 1301 1185 -1894.9691162109375 -1631.6923828125
3 11 1301 1186 -1964.139892578125 -1772.6510009765625
3 11 1301 1187 -2009.462158203125 -1807.2525634765625
3 11 1301 1188 -2101.12109375 -1850.4403076171875
3 11 1302 1177 -1101.501220703125 -982.5567626953125
3 11 1302 1178 -1100.0772705078125 -926.6359252929688
3 11 1302 1179 -1184.9571533203125 -992.730224609375
3 11 1302 1180 -1306.104736328125 -1066.1712646484375
3 11 1302 1181 -1522.7608642578125 -1224.6932373046875
3 11 1302 1182 -1534.5841064453125 -1328.9638671875
3 11 1302 1183 -1603.772216796875 -1331.645751953125
3 11 1302 1184 -1699.4962158203125 -1457.3466796875
3 11 1302 1185 -1863.83349609375 -1512.0489501953125
3 11 1302 1186 -1918.0360107421875 -1617.69873046875
3 11 1302 1187 -1941.9752197265625 -1773.236083984375
3 11 1303 1179 -1114.536376953125 -959.7311401367188
3 11 1303 1180 -1407.370849609375 -1033.9639892578125
3 11 1303 1181 -1594.1580810546875 -1222.0657958984375
3 11 1303 1182 -1536.8372802734375 -1250.1326904296875
3 11 1303 1183 -1473.3193359375 -1266.0335693359375
3 11 1303 1184 -1607.558349609375 -1285.1268310546875
3 11 1303 1185 -1723.219970703125 -1448.0704345703125
3 11 1303 1186 -1836.4168701171875 -1623.1275634765625
3 11 1304 1181 -1555.48291015625 -1277.39208984375
3 11 1304 1182 -1572.0546875 -1374.0433349609375
3 11 1304 1183 -1549.1812744140625 -1338.049560546875
3 11 1304 1184 -1662.892333984375 -1338.049560546875
3 11 1305 1183 -1684.41162109375 -1468.857666015625
3 12 2579 2350 -1936.093994140625 -1816.0833740234375
3 12 2579 2351 -1921.9652099609375 -1763.0699462890625
3 12 2579 2353 -1833.7540283203125 -1696.2998046875
3 12 2580 2350 -1895.71337890625 -1775.7044677734375
3 12 2580 2352 -1868.8033447265625 -1651.6099853515625
3 12 2580 2353 -1754.864013671875 -1591.319580078125
3 12 2581 2350 -1833.8311767578125 -1617.4078369140625
3 12 2581 2351 -1823.144287109375 -1615.5570068359375
3 12 2581 2352 -1736.5252685546875 -1546.7418212890625
3 12 2581 2353 -1653.083251953125 -1518.9410400390625
3 12 2582 2351 -1695.9130859375 -1554.134033203125
3 12 2582 2352 -1684.9552001953125 -1485.71875
3 12 2582 2353 -1594.18359375 -1450.25830078125
3 12 2583 2353 -1572.5626220703125 -1434.94189453125
3 12 2583 2354 -1628.7718505859375 -1489.4248046875
3 12 2583 2355 -1709.18994140625 -1578.3575439453125
3 12 2584 2354 -1685.1534423828125 -1566.3780517578125
3 12 2584 2355 -1752.111572265625 -1578.857421875
3 12 2585 2353 -1605.8011474609375 -1424.35986328125
3 12 2585 2354 -1699.32421875 -1533.3466796875
3 12 2585 2355 -1801.531005859375 -1641.7254638671875
3 12 2586 2355 -1782.6011962890625 -1567.0162353515625
3 12 2589 2358 -1617.5927734375 -1510.744140625
3 12 2589 2359 -1608.4139404296875 -1499.3929443359375
3 12 2589 2360 -1647.17724609375 -1550.82421875
3 12 2590 2358 -1731.4742431640625 -1572.23486328125
3 12 2590 2359 -1727.20703125 -1570.76318359375
3 12 2590 2360 -1673.3914794921875 -1565.83203125
3 12 2590 2361 -1715.2750244140625 -1583.249267578125
3 12 2591 2358 -1748.2757568359375 -1635.9222412109375
3 12 2591 2359 -1747.7440185546875 -1600.5128173828125
3 12 2591 2360 -1714.3414306640625 -1579.79052734375
3 12 2591 2361 -1740.2159423828125 -1609.480712890625
3 12 2591 2362 -1712.2845458984375 -1522.1319580078125
3 12 2592 2358 -1800.01025390625 -1644.0570068359375
3 12 2592 2359 -1747.7440185546875 -1651.807373046875
3 12 2592 2360 -1726.5860595703125 -1627.19091796875
3 12 2592 2361 -1689.2723388671875 -1546.25
3 12 2592 2362 -1619.1640625 -1502.6966552734375
3 12 2593 2359 -1822.4276123046875 -1680.34375
3 12 2593 2360 -1769.8052978515625 -1629.638671875
3 12 2593 2361 -1703.7183837890625 -1539.9642333984375
3 12 2593 2362 -1654.5750732421875 -1525.76953125
3 12 2593 2363 -1694.376708984375 -1484.8983154296875
3 12 2594 2360 -1766.900634765625 -1569.9051513671875
3 12 2594 2361 -1737.1806640625 -1530.389404296875
3 12 2594 2362 -1728.1466064453125 -1591.1898193359375
3 12 2594 2363 -1744.4415283203125 -1621.7698974609375
3 12 2594 2364 -1824.4993896484375 -1629.158203125
3 12 2595 2361 -1610.7584228515625 -1533.8729248046875
3 12 2595 2362 -1661.1092529296875 -1498.9327392578125
3 12 2595 2363 -1716.797607421875 -1513.2198486328125
3 12 2595 2364 -1816.4676513671875 -1626.896484375
3 12 2595 2365 -1901.4930419921875 -1743.8482666015625
3 12 2596 2361 -1745.9442138671875 -1567.792236328125
3 12 2596 2362 -1624.5745849609375 -1497.1871337890625
3 12 2596 2363 -1682.309326171875 -1498.1993408203125
3 12 2596 2364 -1783.8536376953125 -1546.453369140625
3 12 2596 2365 -1863.998291015625 -1641.1348876953125
3 12 2597 2362 -1609.59814453125 -1490.466552734375
3 12 2597 2363 -1637.866455078125 -1550.46875
3 12 2597 2364 -1656.822021484375 -1553.3243408203125
3 12 2597 2365 -1821.8089599609375 -1620.7581787109375
3 12 2597 2366 -1866.8016357421875 -1649.39111328125
3 12 2598 2363 -1619.904541015625 -1470.7637939453125
3 12 2598 2364 -1654.2001953125 -1506.51708984375
3 12 2598 2365 -1750.423583984375 -1530.03662109375
3 12 2598 2366 -1768.283935546875 -1643.4459228515625
3 12 2598 2367 -1811.427734375 -1700.8187255859375
3 12 2599 2364 -1620.693603515625 -1508.71875
3 12 2599 2365 -1749.498779296875 -1528.41552734375
3 12 2599 2366 -1760.071533203125 -1604.5037841796875
3 12 2599 2367 -1763.5135498046875 -1583.8599853515625
3 12 2599 2368 -1848.1820068359375 -1608.8111572265625
3 12 2600 2364 -1613.436767578125 -1440.6123046875
3 12 2600 2365 -1641.3765869140625 -1459.320556640625
3 12 2600 2366 -1652.5032958984375 -1494.30322265625
3 12 2600 2367 -1668.67236328125 -1524.0615234375
3 12 2600 2368 -1753.3497314453125 -1569.85791015625
3 12 2600 2369 -1795.1390380859375 -1646.00390625
3 12 2601 2365 -1518.247314453125 -1442.331787109375
3 12 2601 2366 -1579.0166015625 -1418.8798828125
3 12 2601 2367 -1578.9678955078125 -1458.6240234375
3 12 2601 2368 -1660.99072265625 -1494.8370361328125
3 12 2601 2369 -1778.7012939453125 -1550.9639892578125
3 12 2602 2366 -1541.1182861328125 -1367.7301025390625
3 12 2602 2367 -1549.697998046875 -1448.52734375
3 12 2602 2368 -1634.7713623046875 -1496.40869140625
3 12 2602 2369 -1733.1024169921875 -1541.29638671875
3 12 2602 2370 -1858.354736328125 -1647.85888671875
3 12 2603 2367 -1580.2276611328125 -1442.204345703125
3 12 2603 2368 -1682.9273681640625 -1525.660888671875
3 12 2603 2369 -1687.3870849609375 -1542.1671142578125
3 12 2603 2370 -1759.831298828125 -1631.6923828125
3 12 2603 2371 -1856.7996826171875 -1736.275634765625
3 12 2604 2367 -1604.407470703125 -1414.9425048828125
3 12 2604 2368 -1677.2073974609375 -1477.581298828125
3 12 2604 2369 -1704.8057861328125 -1532.206787109375
3 12 2604 2370 -1776.2646484375 -1649.6422119140625
3 12 2604 2371 -1868.1365966796875 -1723.476318359375
3 12 2604 2372 -1883.5234375 -1738.712158203125
3 12 2604 2373 -1918.769775390625 -1738.294921875
3 12 2604 2374 -1925.4844970703125 -1810.8360595703125
3 12 2605 2368 -1562.0487060546875 -1456.0950927734375
3 12 2605 2369 -1690.3228759765625 -1503.06103515625
3 12 2605 2370 -1726.6619873046875 -1513.79052734375
3 12 2605 2371 -1770.222900390625 -1546.7310791015625
3 12 2605 2372 -1825.875732421875 -1615.75146484375
3 12 2605 2373 -1845.3304443359375 -1721.1533203125
3 12 2606 2368 -1561.97998046875 -1365.6295166015625
3 12 2606 2369 -1607.558349609375 -1494.177001953125
3 12 2606 2370 -1578.88232421875 -1442.6524658203125
3 12 2606 2371 -1696.4261474609375 -1492.2882080078125
3 12 2606 2372 -1826.235107421875 -1623.1275634765625
3 12 2606 2373 -1823.2330322265625 -1745.678466796875
3 12 2607 2368 -1494.2960205078125 -1285.1268310546875
3 12 2607 2369 -1595.364013671875 -1396.3580322265625
3 12 2607 2370 -1701.35205078125 -1526.035888671875
3 12 2607 2371 -1725.914794921875 -1499.6048583984375
3 12 2607 2372 -1837.14892578125 -1629.01611328125
3 12 2607 2373 -1841.135009765625 -1767.4066162109375
3 12 2607 2374 -1889.0760498046875 -1786.7586669921875
3 12 2608 2368 -1555.7845458984375 -1334.6275634765625
3 12 2608 2371 -1752.58203125 -1616.687255859375
3 12 2608 2372 -1788.552490234375 -1568.842529296875
3 12 2608 2373 -1821.0313720703125 -1656.6829833984375
3 12 2608 2374 -1882.541015625 -1697.46875
3 12 2608 2375 -1845.402099609375 -1711.7265625
3 12 2609 2371 -1723.5931396484375 -1563.481689453125
3 12 2609 2372 -1723.1900634765625 -1603.060791015625
3 12 2609 2373 -1714.209228515625 -1594.08349609375
3 12 2609 2374 -1751.8590087890625 -1645.02099609375
3 12 2609 2375 -1861.91015625 -1683.467529296875
3 12 2610 2372 -1761.512939453125 -1635.659423828125
3 12 2610 2373 -1697.6474609375 -1600.2681884765625
3 12 2610 2374 -1722.089599609375 -1637.7520751953125
3 12 2610 2375 -1852.6123046875 -1673.8970947265625
3 12 2610 2376 -1879.600830078125 -1739.2550048828125
3 12 2611 2373 -1698.9007568359375 -1536.6953125
3 12 2611 2374 -1702.0887451171875 -1564.0816650390625
3 12 2611 2375 -1815.7454833984375 -1660.714599609375
3 12 2611 2376 -1895.1549072265625 -1750.9193115234375
3 12 2612 2374 -1706.7733154296875 -1555.3212890625
3 12 2612 2375 -1840.0802001953125 -1656.247802734375
3 12 2612 2376 -1888.1458740234375 -1753.476318359375
3 13 5158 4701 -1929.8116455078125 -1840.3148193359375
3 13 5159 4701 -1884.9334716796875 -1839.53857421875
3 13 5159 4702 -1916.22119140625 -1855.0228271484375
3 13 5161 4705 -1757.91015625 -1651.6099853515625
3 13 5161 4706 -1732.4713134765625 -1592.6412353515625
3 13 5162 4704 -1736.5252685546875 -1663.97509765625
3 13 5162 4705 -1696.3909912109375 -1563.017333984375
3 13 5162 4706 -1653.3382568359375 -1542.9195556640625
3 13 5163 4702 -1734.959228515625 -1614.720458984375
3 13 5163 4703 -1701.4725341796875 -1622.7947998046875
3 13 5163 4704 -1714.888671875 -1628.2353515625
3 13 5163 4705 -1693.3111572265625 -1544.82666015625
3 13 5163 4706 -1586.8687744140625 -1518.9410400390625
3 13 5164 4702 -1634.6114501953125 -1555.6802978515625
3 13 5164 4703 -1650.1646728515625 -1586.34033203125
3 13 5164 4704 -1684.9151611328125 -1582.97412109375
3 13 5164 4705 -1652.8021240234375 -1511.6385498046875
3 13 5164 4706 -1584.0526123046875 -1495.669921875
3 13 5165 4704 -1684.9552001953125 -1579.880126953125
3 13 5165 4705 -1603.5247802734375 -1485.71875
3 13 5165 4706 -1525.6536865234375 -1450.3695068359375
3 13 5165 4707 -1530.6783447265625 -1453.1151123046875
3 13 5166 4706 -1529.44970703125 -1457.1383056640625
3 13 5168 4710 -1666.5919189453125 -1577.4803466796875
3 13 5168 4711 -1672.5362548828125 -1613.926513671875
3 13 5169 4708 -1662.08984375 -1602.351806640625
3 13 5169 4709 -1686.57666015625 -1641.8577880859375
3 13 5169 4710 -1706.7237548828125 -1653.12939453125
3 13 5169 4711 -1752.111572265625 -1644.9796142578125
3 13 5170 4707 -1605.8011474609375 -1478.6656494140625
3 13 5170 4708 -1657.5843505859375 -1563.278564453125
3 13 5170 4709 -1699.32421875 -1640.1932373046875
3 13 5170 4710 -1717.5152587890625 -1641.7254638671875
3 13 5170 4711 -1783.7994384765625 -1692.066162109375
3 13 5171 4709 -1698.9459228515625 -1592.1822509765625
3 13 5171 4710 -1740.512451171875 -1678.65576171875
3 13 5171 4711 -1804.5191650390625 -1710.2000732421875
3 14 10317 9402 -1890.7508544921875 -1844.8428955078125
3 14 10317 9403 -1884.841064453125 -1839.657470703125
3 14 10317 9404 -1885.5440673828125 -1854.130126953125
3 14 10318 9402 -1881.5748291015625 -1846.47509765625
3 14 10318 9403 -1885.157958984375 -1839.657470703125
3 14 10318 9404 -1901.0469970703125 -1854.884765625
3 14 10318 9405 -1916.876953125 -1876.651123046875
3 14 10319 9402 -1876.00537109375 -1841.638671875
3 14 10319 9403 -1886.418212890625 -1838.3280029296875
3 14 10319 9404 -1901.204833984375 -1867.13427734375
3 14 10319 9405 -1914.888427734375 -1881.015869140625
3 14 10319 9406 -1921.364013671875 -1842.2357177734375
3 14 10320 9403 -1869.549072265625 -1826.9259033203125
3 14 10320 9404 -1906.9366455078125 -1848.4222412109375
3 14 10320 9405 -1944.219970703125 -1878.1781005859375
3 14 10320 9406 -1941.38525390625 -1907.9176025390625
3 14 10320 9407 -1924.2177734375 -1857.4832763671875
3 14 10321 9403 -1874.7645263671875 -1838.2955322265625
3 14 10321 9404 -1902.4525146484375 -1844.76806640625
3 14 10321 9405 -1949.77685546875 -1887.47314453125
3 14 10321 9406 -1949.352783203125 -1912.396728515625
3 14 10321 9407 -1924.7978515625 -1845.4757080078125
3 14 10321 9408 -1857.7181396484375 -1796.055908203125
3 14 10322 9404 -1893.0926513671875 -1846.98779296875
3 14 10322 9405 -1913.454833984375 -1849.5968017578125
3 14 10322 9406 -1918.8255615234375 -1851.85009765625
3 14 10322 9407 -1917.6033935546875 -1832.6810302734375
3 14 10322 9408 -1857.1124267578125 -1768.822509765625
3 14 10323 9405 -1877.11962890625 -1778.1300048828125
3 14 10323 9406 -1876.788330078125 -1769.700927734375
3 14 10323 9407 -1852.7987060546875 -1733.6798095703125
3 14 10323 9408 -1833.080078125 -1690.147216796875
3 14 10323 9409 -1769.9705810546875 -1673.87255859375
3 14 10324 9406 -1793.6614990234375 -1702.9874267578125
3 14 10324 9407 -1770.1107177734375 -1695.1129150390625
3 14 10324 9408 -1735.786376953125 -1676.6387939453125
3 14 10324 9409 -1693.93603515625 -1663.633056640625
3 14 10324 9410 -1678.4857177734375 -1622.6298828125
3 14 10325 9407 -1720.232666015625 -1672.011962890625
3 14 10325 9408 -1720.815185546875 -1688.0765380859375
3 14 10325 9409 -1710.93212890625 -1664.043212890625
3 14 10325 9410 -1697.52880859375 -1620.54150390625
3 14 10325 9411 -1637.111328125 -1563.017333984375
3 14 10325 9412 -1592.4083251953125 -1542.9195556640625
3 14 10325 9413 -1590.8612060546875 -1547.133056640625
3 14 10326 9407 -1700.40234375 -1647.584228515625
3 14 10326 9408 -1714.888671875 -1653.443359375
3 14 10326 9409 -1708.844970703125 -1629.2822265625
3 14 10326 9410 -1694.052734375 -1604.9857177734375
3 14 10326 9411 -1630.9747314453125 -1549.401611328125
3 14 10326 9412 -1586.8687744140625 -1542.990966796875
3 14 10326 9413 -1575.34130859375 -1549.2301025390625
3 14 10327 9408 -1678.4034423828125 -1636.0010986328125
3 14 10327 9409 -1669.8092041015625 -1627.3173828125
3 14 10327 9410 -1646.6739501953125 -1599.2166748046875
3 14 10327 9411 -1611.122314453125 -1544.82666015625
3 14 10327 9412 -1582.4493408203125 -1522.205810546875
3 14 10327 9413 -1558.666748046875 -1519.669921875
3 14 10328 9407 -1651.0787353515625 -1618.3668212890625
3 14 10328 9408 -1684.4132080078125 -1628.55078125
3 14 10328 9409 -1685.6043701171875 -1629.491455078125
3 14 10328 9410 -1653.030517578125 -1586.06591796875
3 14 10328 9411 -1600.20947265625 -1562.392822265625
3 14 10328 9412 -1585.299072265625 -1534.6468505859375
3 14 10328 9413 -1558.1705322265625 -1505.4561767578125
3 14 10329 9408 -1679.865478515625 -1622.0504150390625
3 14 10329 9409 -1682.46337890625 -1582.10009765625
3 14 10329 9410 -1653.153076171875 -1546.06884765625
3 14 10329 9411 -1586.81201171875 -1509.5966796875
3 14 10329 9412 -1562.9161376953125 -1512.509765625
3 14 10329 9413 -1561.3702392578125 -1495.8515625
3 14 10329 9414 -1532.410888671875 -1495.6400146484375
3 14 10330 9410 -1591.245361328125 -1519.9427490234375
3 14 10330 9411 -1550.149658203125 -1484.828125
3 14 10330 9412 -1526.6220703125 -1479.4462890625
3 14 10330 9413 -1515.6683349609375 -1449.603271484375
3 14 10330 9414 -1515.679443359375 -1453.8792724609375
3 14 10331 9411 -1540.8994140625 -1485.821533203125
3 14 10331 9412 -1505.5252685546875 -1480.4150390625
3 14 10331 9413 -1495.8045654296875 -1456.2752685546875
3 14 10331 9414 -1500.696044921875 -1458.6439208984375
3 14 10331 9415 -1525.6439208984375 -1472.4044189453125
3 14 10332 9412 -1529.88232421875 -1489.1268310546875
3 14 10332 9413 -1518.392578125 -1470.039306640625
3 14 10332 9414 -1495.3802490234375 -1454.4910888671875
3 14 10332 9415 -1513.6580810546875 -1455.1553955078125
3 14 10332 9416 -1567.0947265625 -1490.9625244140625
3 14 10333 9413 -1520.5311279296875 -1457.1383056640625
3 14 10333 9414 -1489.052490234375 -1432.2705078125
3 14 10333 9415 -1509.9521484375 -1439.7408447265625
3 14 10333 9416 -1576.217041015625 -1488.8421630859375
3 14 10333 9417 -1586.2576904296875 -1559.9176025390625
3 14 10334 9413 -1487.06689453125 -1458.675048828125
3 14 10334 9414 -1475.80078125 -1436.475830078125
3 14 10334 9415 -1513.9847412109375 -1444.8780517578125
3 14 10334 9416 -1588.6373291015625 -1489.828857421875
3 14 10334 9417 -1616.368408203125 -1557.2410888671875
3 14 10334 9418 -1614.542724609375 -1552.221923828125
3 14 10335 9414 -1498.7083740234375 -1457.2652587890625
3 14 10335 9415 -1565.399169921875 -1465.62890625
3 14 10335 9416 -1618.0289306640625 -1512.681884765625
3 14 10335 9417 -1620.7479248046875 -1587.4366455078125
3 14 10335 9418 -1625.628662109375 -1586.8880615234375
3 14 10336 9415 -1613.638671875 -1498.5054931640625
3 14 10336 9416 -1629.394287109375 -1564.9349365234375
3 14 10336 9417 -1654.1448974609375 -1608.6927490234375
3 14 10336 9418 -1658.3138427734375 -1594.168212890625
3 14 10336 9419 -1615.85400390625 -1576.982177734375
3 14 10337 9416 -1639.929931640625 -1606.3662109375
3 14 10337 9417 -1658.798828125 -1621.0303955078125
3 14 10337 9418 -1662.2933349609375 -1603.791748046875
3 14 10337 9419 -1665.9161376953125 -1600.3489990234375
3 14 10337 9420 -1664.7193603515625 -1609.9759521484375
3 14 10337 9421 -1666.545166015625 -1611.2989501953125
3 14 10337 9422 -1661.36181640625 -1619.1334228515625
3 14 10338 9416 -1641.214599609375 -1604.1290283203125
3 14 10338 9417 -1662.5185546875 -1624.5523681640625
3 14 10338 9418 -1683.2142333984375 -1642.9888916015625
3 14 10338 9419 -1687.2857666015625 -1657.2294921875
3 14 10338 9420 -1690.261474609375 -1653.1888427734375
3 14 10338 9421 -1674.110107421875 -1653.12939453125
3 14 10338 9422 -1675.544677734375 -1646.347900390625
3 14 10339 9417 -1657.56591796875 -1627.3255615234375
3 14 10339 9418 -1680.049072265625 -1640.6962890625
3 14 10339 9419 -1686.021240234375 -1663.5947265625
3 14 10339 9420 -1697.01171875 -1661.684814453125
3 14 10339 9421 -1707.4444580078125 -1655.9769287109375
3 14 10339 9422 -1729.614990234375 -1662.9610595703125
3 14 10340 9416 -1635.5418701171875 -1570.94091796875
3 14 10340 9417 -1657.56591796875 -1610.3851318359375
3 14 10340 9418 -1674.8240966796875 -1643.67919921875
3 14 10340 9419 -1680.359130859375 -1640.1231689453125
3 14 10340 9420 -1698.1680908203125 -1640.664794921875
3 14 10340 9421 -1707.2391357421875 -1677.9334716796875
3 14 10340 9422 -1731.234130859375 -1693.513427734375
3 14 10341 9417 -1652.6170654296875 -1596.3779296875
3 14 10341 9418 -1682.705322265625 -1640.1474609375
3 14 10341 9419 -1698.96142578125 -1648.3839111328125
3 14 10341 9420 -1704.0107421875 -1657.6463623046875
3 14 10341 9421 -1717.5152587890625 -1671.2921142578125
3 14 10341 9422 -1734.662109375 -1691.2784423828125
3 14 10341 9423 -1783.7994384765625 -1701.0654296875
3 14 10342 9419 -1691.413330078125 -1639.2296142578125
3 14 10342 9420 -1705.980712890625 -1677.7330322265625
3 14 10342 9421 -1730.509765625 -1692.2119140625
3 14 10342 9422 -1763.876953125 -1710.0347900390625
3 14 10342 9423 -1803.0845947265625 -1733.7105712890625
3 14 10342 9424 -1853.462646484375 -1778.2523193359375
3 14 10343 9420 -1714.1322021484375 -1679.9500732421875
3 14 10343 9421 -1741.4849853515625 -1694.826171875
3 14 10343 9422 -1772.74169921875 -1718.7318115234375
3 14 10343 9423 -1805.0096435546875 -1756.34814453125
3 14 10343 9424 -1845.28662109375 -1773.781494140625
3 14 10343 9425 -1845.03955078125 -1776.8487548828125
3 14 10344 9421 -1748.8477783203125 -1695.35302734375
3 14 10344 9422 -1763.1546630859375 -1716.890869140625
3 14 10344 9423 -1785.2864990234375 -1707.3048095703125
3 14 10344 9424 -1809.1724853515625 -1720.0482177734375
3 14 10344 9425 -1809.1724853515625 -1728.165771484375
3 14 10345 9422 -1736.9781494140625 -1670.5093994140625
3 14 10345 9423 -1720.8441162109375 -1674.02490234375
3 14 10345 9424 -1741.1561279296875 -1679.1153564453125
3 14 10345 9425 -1739.8712158203125 -1682.565185546875
3 14 10345 9426 -1735.4788818359375 -1651.3486328125
3 14 10346 9423 -1685.5185546875 -1645.9185791015625
3 14 10346 9424 -1694.1893310546875 -1651.546875
3 14 10346 9425 -1694.3760986328125 -1648.1728515625
3 14 10346 9426 -1697.5382080078125 -1652.9775390625
3 14 10346 9427 -1688.4407958984375 -1638.06103515625
3 14 10347 9423 -1675.3204345703125 -1642.462158203125
3 14 10347 9424 -1672.072998046875 -1642.8719482421875
3 14 10347 9425 -1683.3958740234375 -1657.1610107421875
3 14 10347 9426 -1697.1854248046875 -1640.8388671875
3 14 10347 9427 -1701.625 -1645.6749267578125
3 14 10347 9428 -1683.78369140625 -1633.2138671875
3 14 10348 9424 -1661.5108642578125 -1640.5030517578125
3 14 10348 9425 -1677.5384521484375 -1621.6905517578125
3 14 10348 9426 -1674.7066650390625 -1582.68310546875
3 14 10348 9427 -1665.7489013671875 -1579.740478515625
3 14 10348 9428 -1667.2122802734375 -1615.175537109375
3 14 10349 9425 -1641.997314453125 -1572.579345703125
3 14 10349 9426 -1622.1099853515625 -1568.5030517578125
3 14 10349 9427 -1620.431396484375 -1566.5087890625
3 14 10349 9428 -1639.0572509765625 -1586.2562255859375
3 14 10349 9429 -1671.5654296875 -1627.0318603515625
3 14 10350 9426 -1605.865478515625 -1575.86669921875
3 14 10350 9427 -1591.642578125 -1563.8232421875
3 14 10350 9428 -1636.204345703125 -1567.544921875
3 14 10350 9429 -1671.2142333984375 -1593.9136962890625
3 14 10350 9430 -1682.7113037109375 -1634.0673828125
3 14 10351 9426 -1608.825439453125 -1566.22705078125
3 14 10351 9427 -1597.065673828125 -1559.2135009765625
3 14 10351 9428 -1594.04248046875 -1553.5953369140625
3 14 10351 9429 -1635.87890625 -1556.966064453125
3 14 10351 9430 -1644.2957763671875 -1573.1290283203125
3 14 10351 9431 -1644.3184814453125 -1589.6673583984375
3 14 10352 9427 -1581.0751953125 -1513.5509033203125
3 14 10352 9428 -1566.4608154296875 -1513.0643310546875
3 14 10352 9429 -1597.1015625 -1533.1466064453125
3 14 10352 9430 -1615.6116943359375 -1563.3319091796875
3 14 10352 9431 -1620.2998046875 -1595.21044921875
3 14 10353 9428 -1533.2178955078125 -1491.059326171875
3 14 10353 9429 -1581.0206298828125 -1520.0687255859375
3 14 10353 9430 -1610.664306640625 -1564.0103759765625
3 14 10353 9431 -1632.50634765625 -1582.89404296875
3 14 10353 9432 -1638.38916015625 -1574.821533203125
3 14 10354 9429 -1574.716796875 -1516.5439453125
3 14 10354 9430 -1588.6619873046875 -1524.060546875
3 14 10354 9431 -1599.3741455078125 -1540.3426513671875
3 14 10354 9432 -1601.92041015625 -1558.448974609375
3 14 10354 9433 -1588.5694580078125 -1548.2198486328125
3 14 10355 9430 -1552.03564453125 -1510.979248046875
3 14 10355 9431 -1569.652099609375 -1518.7528076171875
3 14 10355 9432 -1584.0574951171875 -1552.1142578125
3 14 10355 9433 -1600.261962890625 -1567.3150634765625
3 14 10355 9434 -1599.9482421875 -1568.2705078125
3 14 10356 9430 -1578.456298828125 -1536.404052734375
3 14 10356 9431 -1589.3800048828125 -1537.3819580078125
3 14 10356 9432 -1621.08740234375 -1563.2344970703125
3 14 10356 9433 -1616.736328125 -1573.7232666015625
3 14 10356 9434 -1608.515869140625 -1563.0321044921875
3 14 10357 9431 -1620.6351318359375 -1576.6417236328125
3 14 10357 9432 -1621.12841796875 -1584.66845703125
3 14 10357 9433 -1617.0531005859375 -1552.93701171875
3 14 10357 9434 -1599.076416015625 -1545.9906005859375
3 14 10357 9435 -1569.894287109375 -1508.8599853515625
3 14 10358 9432 -1620.947265625 -1565.718017578125
3 14 10358 9433 -1585.986083984375 -1537.797607421875
3 14 10358 9434 -1558.68017578125 -1535.9849853515625
3 14 10358 9435 -1557.0531005859375 -1517.4029541015625
3 14 10358 9436 -1540.1923828125 -1502.6904296875
3 14 10359 9433 -1595.5030517578125 -1546.9659423828125
3 14 10359 9434 -1577.7322998046875 -1539.0081787109375
3 14 10359 9435 -1589.333984375 -1523.8369140625
3 14 10359 9436 -1600.7752685546875 -1528.605712890625
3 14 10359 9437 -1600.00830078125 -1519.293701171875
3 14 10360 9433 -1611.5244140625 -1570.3614501953125
3 14 10360 9434 -1634.183349609375 -1569.603271484375
3 14 10360 9435 -1643.0947265625 -1575.661865234375
3 14 10360 9436 -1640.9595947265625 -1588.3787841796875
3 14 10360 9437 -1635.6666259765625 -1575.3306884765625
3 14 10360 9438 -1622.305419921875 -1568.83984375
3 14 10361 9434 -1637.2718505859375 -1601.4033203125
3 14 10361 9435 -1646.7265625 -1618.68115234375
3 14 10361 9436 -1660.4281005859375 -1618.3233642578125
3 14 10361 9437 -1659.1466064453125 -1607.511474609375
3 14 10361 9438 -1647.1817626953125 -1605.0123291015625
3 14 10362 9435 -1707.4788818359375 -1630.5469970703125
3 14 10362 9436 -1712.051025390625 -1643.478271484375
3 14 10362 9437 -1668.5491943359375 -1638.2523193359375
3 14 10362 9438 -1654.72705078125 -1614.4891357421875
3 14 10362 9439 -1636.686279296875 -1582.6778564453125
3 14 10363 9436 -1728.0802001953125 -1656.6209716796875
3 14 10363 9437 -1673.517578125 -1637.1646728515625
3 14 10363 9438 -1666.6641845703125 -1609.554931640625
3 14 10363 9439 -1633.5692138671875 -1582.6778564453125
3 14 10364 9436 -1727.7220458984375 -1664.8782958984375
3 14 10364 9437 -1687.2584228515625 -1640.952392578125
3 14 10364 9438 -1666.6734619140625 -1615.2215576171875
3 14 10364 9439 -1637.1019287109375 -1600.5987548828125
3 15 20635 18806 -1849.6988525390625 -1839.2069091796875
3 15 20635 18807 -1863.9815673828125 -1840.1861572265625
3 15 20636 18805 -1875.90087890625 -1846.554443359375
3 15 20636 18806 -1863.882568359375 -1839.2069091796875
3 15 20636 18807 -1874.22412109375 -1840.079345703125
3 15 20636 18808 -1886.666748046875 -1854.794189453125
3 15 20637 18806 -1874.62841796875 -1856.665283203125
3 15 20652 18821 -1667.61474609375 -1615.7125244140625
3 15 20652 18823 -1609.148681640625 -1567.9375
3 15 20652 18824 -1586.603515625 -1544.679931640625
3 15 20652 18825 -1561.6368408203125 -1543.983154296875
3 15 20653 18819 -1683.6956787109375 -1630.084228515625
3 15 20653 18820 -1663.0018310546875 -1630.6719970703125
3 15 20653 18821 -1647.1195068359375 -1604.9857177734375
3 15 20653 18822 -1615.8270263671875 -1571.7796630859375
3 15 20653 18823 -1589.3507080078125 -1548.6729736328125
3 15 20653 18824 -1568.26318359375 -1543.0902099609375
3 15 20653 18825 -1563.79931640625 -1543.1217041015625
3 15 20653 18826 -1564.3927001953125 -1549.7584228515625
3 15 20654 18819 -1655.15673828125 -1626.725830078125
3 15 20654 18820 -1641.409912109375 -1624.4541015625
3 15 20654 18821 -1634.8741455078125 -1602.869140625
3 15 20654 18822 -1609.6495361328125 -1559.745849609375
3 15 20654 18823 -1574.194580078125 -1544.580810546875
3 15 20654 18824 -1567.965087890625 -1535.7109375
3 15 20654 18825 -1552.7666015625 -1522.134765625
3 15 20654 18826 -1557.89697265625 -1523.026611328125
3 15 20655 18817 -1677.565185546875 -1652.2528076171875
3 15 20655 18818 -1670.2518310546875 -1641.8702392578125
3 15 20655 18819 -1651.735107421875 -1635.1241455078125
3 15 20655 18820 -1646.89404296875 -1623.1470947265625
3 15 20655 18821 -1634.70068359375 -1599.2166748046875
3 15 20655 18822 -1611.65234375 -1573.1390380859375
3 15 20655 18823 -1586.9398193359375 -1565.618896484375
3 15 20655 18824 -1582.4493408203125 -1537.635986328125
3 15 20655 18825 -1561.87451171875 -1522.697265625
3 15 20655 18826 -1540.35400390625 -1523.2686767578125
3 15 20656 18816 -1680.41162109375 -1640.955810546875
3 15 20656 18817 -1681.5467529296875 -1665.63671875
3 15 20656 18818 -1671.33740234375 -1651.67822265625
3 15 20656 18819 -1664.6474609375 -1628.59130859375
3 15 20656 18820 -1636.1900634765625 -1608.7406005859375
3 15 20656 18821 -1624.013427734375 -1587.1153564453125
3 15 20656 18822 -1600.35205078125 -1582.910888671875
3 15 20656 18823 -1596.5089111328125 -1581.176025390625
3 15 20656 18824 -1585.299072265625 -1544.4974365234375
3 15 20656 18825 -1562.1851806640625 -1533.8499755859375
3 15 20656 18826 -1541.742919921875 -1521.6429443359375
3 15 20657 18815 -1640.977294921875 -1621.0345458984375
3 15 20657 18816 -1669.0020751953125 -1628.215576171875
3 15 20657 18817 -1684.4132080078125 -1656.402099609375
3 15 20657 18818 -1685.965576171875 -1664.133544921875
3 15 20657 18819 -1677.826171875 -1635.14306640625
3 15 20657 18820 -1653.030517578125 -1609.1834716796875
3 15 20657 18821 -1621.60400390625 -1585.1680908203125
3 15 20657 18822 -1598.3720703125 -1574.5760498046875
3 15 20657 18823 -1598.4129638671875 -1562.6778564453125
3 15 20657 18824 -1582.724365234375 -1543.296142578125
3 15 20657 18825 -1556.9019775390625 -1540.6107177734375
3 15 20657 18826 -1558.890625 -1530.3262939453125
3 15 20657 18827 -1548.173583984375 -1508.6904296875
3 15 20658 18816 -1656.6796875 -1625.5906982421875
3 15 20658 18817 -1680.3128662109375 -1636.63330078125
3 15 20658 18818 -1682.8363037109375 -1647.7984619140625
3 15 20658 18819 -1672.859375 -1628.6307373046875
3 15 20658 18820 -1653.153076171875 -1584.609619140625
3 15 20658 18821 -1621.4052734375 -1562.5992431640625
3 15 20658 18822 -1587.3902587890625 -1562.78857421875
3 15 20658 18823 -1578.9056396484375 -1545.421875
3 15 20658 18824 -1563.1492919921875 -1528.245361328125
3 15 20658 18825 -1556.226806640625 -1528.4520263671875
3 15 20658 18826 -1561.94580078125 -1534.05712890625
3 15 20658 18827 -1548.9566650390625 -1516.29638671875
3 15 20659 18818 -1665.052001953125 -1614.950927734375
3 15 20659 18819 -1647.8963623046875 -1582.10009765625
3 15 20659 18820 -1628.99609375 -1568.7711181640625
3 15 20659 18821 -1585.1510009765625 -1546.01708984375
3 15 20659 18822 -1573.0196533203125 -1525.6258544921875
3 15 20659 18823 -1565.234130859375 -1508.861572265625
3 15 20659 18824 -1546.058349609375 -1512.2674560546875
3 15 20659 18825 -1546.923828125 -1514.7147216796875
3 15 20659 18826 -1546.2513427734375 -1502.8597412109375
3 15 20659 18827 -1538.6871337890625 -1495.58447265625
3 15 20660 18820 -1591.3924560546875 -1556.70751953125
3 15 20660 18821 -1569.1322021484375 -1532.0294189453125
3 15 20660 18822 -1550.149658203125 -1500.4208984375
3 15 20660 18823 -1525.6331787109375 -1488.8817138671875
3 15 20660 18824 -1523.616943359375 -1493.6671142578125
3 15 20660 18825 -1526.9853515625 -1500.8984375
3 15 20660 18826 -1515.9580078125 -1464.5902099609375
3 15 20660 18827 -1504.4945068359375 -1453.426513671875
3 15 20661 18822 -1532.316162109375 -1490.914306640625
3 15 20661 18823 -1501.1541748046875 -1484.06787109375
3 15 20661 18824 -1508.9442138671875 -1488.6319580078125
3 15 20661 18825 -1515.6513671875 -1479.7669677734375
3 15 20661 18826 -1501.2479248046875 -1458.0213623046875
3 15 20661 18827 -1466.6224365234375 -1449.48828125
3 15 20662 18824 -1497.3536376953125 -1483.7960205078125
3 15 20662 18825 -1500.071533203125 -1479.9630126953125
3 15 20662 18826 -1492.9324951171875 -1466.178955078125
3 15 20662 18827 -1480.7381591796875 -1456.4642333984375
3 15 20675 18843 -1667.032958984375 -1634.37255859375
3 15 20676 18841 -1670.337158203125 -1655.74169921875
3 15 20676 18842 -1668.5838623046875 -1653.3021240234375
3 15 20676 18843 -1674.47705078125 -1655.6162109375
3 15 20676 18844 -1674.3900146484375 -1646.347900390625
3 15 20677 18839 -1686.907470703125 -1674.06884765625
3 15 20677 18840 -1690.261474609375 -1667.8717041015625
3 15 20677 18841 -1680.6619873046875 -1653.1888427734375
3 15 20677 18842 -1666.3316650390625 -1652.9202880859375
3 15 20677 18843 -1674.976806640625 -1655.0751953125
3 15 20677 18844 -1675.876953125 -1654.6427001953125
3 15 20678 18838 -1683.07421875 -1669.42822265625
3 15 20678 18839 -1684.796875 -1672.1177978515625
3 15 20678 18840 -1690.6104736328125 -1675.8858642578125
3 15 20678 18841 -1689.7919921875 -1662.3984375
3 15 20678 18842 -1681.1392822265625 -1656.5792236328125
3 15 20678 18843 -1690.92138671875 -1655.6351318359375
3 15 20678 18844 -1703.3238525390625 -1666.361328125
3 15 20679 18836 -1664.6033935546875 -1647.873291015625
3 15 20679 18837 -1678.525634765625 -1653.9107666015625
3 15 20679 18838 -1686.3238525390625 -1669.288330078125
3 15 20679 18839 -1679.8695068359375 -1663.3599853515625
3 15 20679 18840 -1684.7476806640625 -1663.5003662109375
3 15 20679 18841 -1696.9698486328125 -1678.2679443359375
3 15 20679 18842 -1697.293701171875 -1666.0582275390625
3 15 20679 18843 -1707.9447021484375 -1666.04296875
3 15 20679 18844 -1710.7816162109375 -1690.755126953125
3 15 20679 18845 -1730.055908203125 -1702.1627197265625
3 15 20680 18835 -1657.761474609375 -1644.953369140625
3 15 20680 18836 -1661.7149658203125 -1647.2177734375
3 15 20680 18837 -1674.8240966796875 -1649.84814453125
3 15 20680 18838 -1680.4951171875 -1649.988037109375
3 15 20680 18839 -1677.8143310546875 -1642.158203125
3 15 20680 18840 -1683.577880859375 -1643.6993408203125
3 15 20680 18841 -1698.21337890625 -1670.44677734375
3 15 20680 18842 -1703.0150146484375 -1684.572021484375
3 15 20680 18843 -1707.60107421875 -1685.4910888671875
3 15 20680 18844 -1707.60107421875 -1693.325927734375
3 15 20680 18845 -1729.0440673828125 -1697.5240478515625
3 15 20681 18834 -1651.7694091796875 -1610.5689697265625
3 15 20681 18835 -1656.8189697265625 -1627.9075927734375
3 15 20681 18836 -1658.401123046875 -1643.702880859375
3 15 20681 18837 -1666.6292724609375 -1647.3477783203125
3 15 20681 18838 -1661.531982421875 -1650.6396484375
3 15 20681 18839 -1666.7974853515625 -1640.1231689453125
3 15 20681 18840 -1674.928955078125 -1640.664794921875
3 15 20681 18841 -1688.124755859375 -1668.783935546875
3 15 20681 18842 -1701.634765625 -1677.460693359375
3 15 20681 18843 -1705.58203125 -1689.9967041015625
3 15 20681 18844 -1711.252685546875 -1693.1689453125
3 15 20681 18845 -1731.3350830078125 -1696.2481689453125
3 15 20682 18835 -1651.879150390625 -1625.517333984375
3 15 20682 18836 -1662.491455078125 -1643.748046875
3 15 20682 18837 -1659.6263427734375 -1647.3245849609375
3 15 20682 18838 -1671.1405029296875 -1647.4102783203125
3 15 20682 18839 -1687.892333984375 -1657.44287109375
3 15 20682 18840 -1687.86865234375 -1657.3839111328125
3 15 20682 18841 -1690.6748046875 -1670.765380859375
3 15 20682 18842 -1691.2183837890625 -1671.3140869140625
3 15 20682 18843 -1714.0225830078125 -1676.597412109375
3 15 20682 18844 -1713.2880859375 -1693.267333984375
3 15 20682 18845 -1727.2318115234375 -1690.9066162109375
3 15 20683 18837 -1682.705322265625 -1650.1561279296875
3 15 20683 18838 -1684.0133056640625 -1650.1798095703125
3 15 20683 18839 -1699.22802734375 -1670.8765869140625
3 15 20683 18840 -1703.7530517578125 -1681.623779296875
3 15 20683 18841 -1703.5794677734375 -1679.640380859375
3 15 20683 18842 -1704.2333984375 -1671.19091796875
3 15 20683 18843 -1717.8594970703125 -1676.339599609375
3 15 20683 18844 -1716.9720458984375 -1694.732421875
3 15 20683 18845 -1733.7640380859375 -1692.8846435546875
3 15 20684 18839 -1690.01171875 -1660.191162109375
3 15 20684 18840 -1703.6461181640625 -1677.7330322265625
3 15 20684 18841 -1706.2099609375 -1691.2437744140625
3 15 20684 18842 -1721.4088134765625 -1691.8758544921875
3 15 20684 18843 -1728.7537841796875 -1696.2161865234375
3 15 20684 18844 -1726.546630859375 -1709.8341064453125
3 15 20684 18845 -1761.35302734375 -1712.480224609375
3 15 20685 18841 -1705.68798828125 -1691.7247314453125
3 15 20685 18842 -1720.5916748046875 -1698.393798828125
3 15 20685 18843 -1730.8743896484375 -1713.6634521484375
3 15 20685 18844 -1729.6331787109375 -1713.5279541015625
3 15 20685 18845 -1762.950439453125 -1717.069580078125
3 15 20686 18842 -1719.41162109375 -1694.6107177734375
3 15 20686 18843 -1725.0699462890625 -1711.9249267578125
3 15 20686 18844 -1741.810791015625 -1718.4263916015625
3 16 41271 37612 -1848.170166015625 -1843.1064453125
3 16 41271 37613 -1847.8377685546875 -1839.2069091796875
3 16 41271 37614 -1853.3369140625 -1840.0291748046875
3 16 41271 37615 -1857.369384765625 -1848.60400390625
3 16 41272 37611 -1863.2674560546875 -1847.1170654296875
3 16 41272 37612 -1853.59765625 -1842.7647705078125
3 16 41272 37613 -1851.8216552734375 -1839.2069091796875
3 16 41272 37614 -1859.4967041015625 -1839.89794921875
3 16 41272 37615 -1866.247802734375 -1853.2655029296875
3 16 41273 37612 -1863.4512939453125 -1850.901123046875
3 16 41273 37613 -1863.9825439453125 -1846.283935546875
3 16 41273 37614 -1868.7117919921875 -1846.3360595703125
3 16 41273 37615 -1874.33544921875 -1859.416748046875
3 16 41274 37613 -1874.3892822265625 -1858.301513671875
3 16 41274 37614 -1878.565673828125 -1863.5047607421875
3 16 41274 37615 -1879.722412109375 -1866.8892822265625
3 16 41312 37646 -1593.8714599609375 -1581.6043701171875
3 16 41312 37647 -1593.1622314453125 -1580.94287109375
3 16 41312 37648 -1584.403076171875 -1562.3800048828125
3 16 41312 37649 -1568.930908203125 -1556.1414794921875
3 16 41312 37650 -1562.1314697265625 -1543.27685546875
3 16 41312 37651 -1545.448486328125 -1533.3880615234375
3 16 41312 37652 -1540.117919921875 -1532.4066162109375
3 16 41313 37646 -1596.9273681640625 -1588.9822998046875
3 16 41313 37647 -1592.305419921875 -1582.3724365234375
3 16 41313 37648 -1585.18505859375 -1556.8968505859375
3 16 41313 37649 -1562.4705810546875 -1544.361083984375
3 16 41313 37650 -1557.8768310546875 -1543.7734375
3 16 41313 37651 -1546.0548095703125 -1533.5721435546875
3 16 41313 37652 -1541.6263427734375 -1533.5743408203125
3 16 41314 37644 -1589.93603515625 -1579.2542724609375
3 16 41314 37645 -1598.3720703125 -1586.813232421875
3 16 41314 37646 -1598.549560546875 -1582.7998046875
3 16 41314 37647 -1590.364501953125 -1575.5963134765625
3 16 41314 37648 -1582.724365234375 -1552.3731689453125
3 16 41314 37649 -1557.8240966796875 -1543.0133056640625
3 16 41314 37650 -1553.1424560546875 -1543.49365234375
3 16 41314 37651 -1553.2437744140625 -1540.3856201171875
3 16 41314 37652 -1554.2750244140625 -1538.393310546875
3 16 41314 37653 -1554.46240234375 -1530.3262939453125
3 16 41315 37644 -1589.0496826171875 -1574.3291015625
3 16 41315 37645 -1591.765869140625 -1574.2894287109375
3 16 41315 37646 -1591.18701171875 -1568.9564208984375
3 16 41315 37647 -1584.122802734375 -1563.08203125
3 16 41315 37648 -1575.907470703125 -1549.23291015625
3 16 41315 37649 -1552.46728515625 -1545.1060791015625
3 16 41315 37650 -1556.406494140625 -1546.5545654296875
3 16 41315 37651 -1556.45263671875 -1548.6666259765625
3 16 41315 37652 -1558.960205078125 -1548.8834228515625
3 16 41315 37653 -1558.177001953125 -1531.7283935546875
3 16 41316 37642 -1621.2987060546875 -1591.7884521484375
3 16 41316 37643 -1605.7646484375 -1578.2467041015625
3 16 41316 37644 -1587.3902587890625 -1572.4427490234375
3 16 41316 37645 -1579.385009765625 -1567.4627685546875
3 16 41316 37646 -1579.3416748046875 -1555.8145751953125
3 16 41316 37647 -1570.1763916015625 -1550.005615234375
3 16 41316 37648 -1563.1492919921875 -1538.632080078125
3 16 41316 37649 -1549.3695068359375 -1538.1046142578125
3 16 41316 37650 -1555.5897216796875 -1539.3514404296875
3 16 41316 37651 -1556.226806640625 -1544.1734619140625
3 16 41316 37652 -1562.0987548828125 -1547.3671875
3 16 41316 37653 -1561.801025390625 -1542.340576171875
3 16 41316 37654 -1548.995361328125 -1530.1673583984375
3 16 41317 37642 -1607.1419677734375 -1567.153076171875
3 16 41317 37643 -1592.0084228515625 -1562.5689697265625
3 16 41317 37644 -1581.190673828125 -1562.851318359375
3 16 41317 37645 -1580.5843505859375 -1564.94189453125
3 16 41317 37646 -1569.2186279296875 -1550.4847412109375
3 16 41317 37647 -1556.045166015625 -1545.3555908203125
3 16 41317 37648 -1550.6766357421875 -1537.7835693359375
3 16 41317 37649 -1540.9197998046875 -1528.20654296875
3 16 41317 37650 -1544.5897216796875 -1528.23046875
3 16 41317 37651 -1550.5023193359375 -1539.5556640625
3 16 41317 37652 -1555.8233642578125 -1541.3077392578125
3 16 41317 37653 -1555.85302734375 -1534.0303955078125
3 16 41317 37654 -1542.69287109375 -1527.346923828125
3 16 41318 37642 -1584.76513671875 -1551.42578125
3 16 41318 37643 -1567.681396484375 -1547.053466796875
3 16 41318 37644 -1573.1756591796875 -1546.3585205078125
3 16 41318 37645 -1573.0452880859375 -1547.7547607421875
3 16 41318 37646 -1565.0517578125 -1536.4893798828125
3 16 41318 37647 -1551.3585205078125 -1528.5728759765625
3 16 41318 37648 -1546.058349609375 -1524.8944091796875
3 16 41318 37649 -1538.2293701171875 -1524.000244140625
3 16 41318 37650 -1540.3614501953125 -1526.061767578125
3 16 41318 37651 -1547.34716796875 -1538.712646484375
3 16 41318 37652 -1546.2513427734375 -1528.1751708984375
3 16 41318 37653 -1541.869140625 -1522.717529296875
3 16 41318 37654 -1537.724853515625 -1520.146484375
3 16 41319 37642 -1572.280517578125 -1550.50927734375
3 16 41319 37643 -1555.535400390625 -1545.8909912109375
3 16 41319 37644 -1550.078857421875 -1539.81689453125
3 16 41319 37645 -1551.0457763671875 -1525.6258544921875
3 16 41319 37646 -1551.0457763671875 -1511.669677734375
3 16 41319 37647 -1536.7301025390625 -1508.6163330078125
3 16 41319 37648 -1529.796875 -1512.2674560546875
3 16 41319 37649 -1529.796875 -1518.9700927734375
3 16 41319 37650 -1538.7620849609375 -1523.2457275390625
3 16 41319 37651 -1544.052734375 -1514.7147216796875
3 16 41319 37652 -1542.0343017578125 -1511.3753662109375
3 16 41319 37653 -1528.25048828125 -1502.8597412109375
3 16 41319 37654 -1525.627197265625 -1498.4991455078125
3 16 41320 37642 -1569.3953857421875 -1551.9979248046875
3 16 41320 37643 -1555.9102783203125 -1539.7955322265625
3 16 41320 37644 -1549.6826171875 -1524.25146484375
3 16 41320 37645 -1540.2340087890625 -1511.9405517578125
3 16 41320 37646 -1525.8663330078125 -1507.9180908203125
3 16 41320 37647 -1512.7091064453125 -1504.0115966796875
3 16 41320 37648 -1519.136962890625 -1502.9866943359375
3 16 41320 37649 -1523.616943359375 -1508.4295654296875
3 16 41320 37650 -1526.9853515625 -1512.4232177734375
3 16 41320 37651 -1526.9853515625 -1507.8289794921875
3 16 41320 37652 -1516.224609375 -1494.9495849609375
3 16 41320 37653 -1512.552734375 -1489.1328125
3 16 41320 37654 -1504.564697265625 -1472.6624755859375
3 16 41321 37643 -1554.3714599609375 -1531.876220703125
3 16 41321 37644 -1540.7669677734375 -1513.8333740234375
3 16 41321 37645 -1524.2586669921875 -1500.230224609375
3 16 41321 37646 -1513.80419921875 -1492.225830078125
3 16 41321 37647 -1508.462646484375 -1488.6839599609375
3 16 41321 37648 -1510.5736083984375 -1493.5255126953125
3 16 41321 37649 -1512.8077392578125 -1497.4288330078125
3 16 41321 37650 -1518.8583984375 -1507.4375
3 16 41321 37651 -1518.0572509765625 -1501.2479248046875
3 16 41321 37652 -1508.21826171875 -1480.6529541015625
3 16 41321 37653 -1496.794677734375 -1464.5902099609375
3 16 41321 37654 -1489.5260009765625 -1457.2054443359375
3 16 41322 37645 -1514.9208984375 -1490.914306640625
3 16 41322 37646 -1500.461669921875 -1486.3780517578125
3 16 41322 37647 -1494.126708984375 -1484.06787109375
3 16 41322 37648 -1498.7435302734375 -1490.277587890625
3 16 41322 37649 -1509.2115478515625 -1494.48876953125
3 16 41322 37650 -1515.9735107421875 -1502.22607421875
3 16 41322 37651 -1514.5535888671875 -1487.1182861328125
3 16 41322 37652 -1501.4375 -1466.2767333984375
3 16 41322 37653 -1480.6781005859375 -1458.0430908203125
3 16 41322 37654 -1465.5009765625 -1454.384765625
3 16 41323 37647 -1495.536376953125 -1488.63232421875
3 16 41323 37648 -1496.461181640625 -1488.422607421875
3 16 41323 37649 -1506.0721435546875 -1489.784423828125
3 16 41323 37650 -1507.2877197265625 -1492.6195068359375
3 16 41323 37651 -1502.3533935546875 -1479.3831787109375
3 16 41323 37652 -1487.1796875 -1464.115966796875
3 16 41323 37653 -1470.6531982421875 -1459.6014404296875
3 16 41323 37654 -1466.6224365234375 -1456.2086181640625
3 16 41323 37655 -1459.4744873046875 -1452.5487060546875
3 16 41324 37649 -1497.4171142578125 -1487.81103515625
3 16 41324 37650 -1500.0328369140625 -1491.9874267578125
3 16 41324 37651 -1495.9937744140625 -1479.7608642578125
3 16 41324 37652 -1488.9456787109375 -1468.7310791015625
3 16 41324 37653 -1473.8206787109375 -1466.427490234375
3 16 41324 37654 -1469.953125 -1457.0684814453125
3 16 41325 37651 -1497.2548828125 -1488.6998291015625
3 16 41325 37652 -1493.129150390625 -1473.6614990234375
3 16 41360 37682 -1691.7919921875 -1677.0050048828125
3 16 41360 37683 -1698.3253173828125 -1685.8670654296875
3 16 41360 37684 -1698.759765625 -1688.4638671875
3 16 41360 37685 -1698.3131103515625 -1684.631591796875
3 16 41360 37686 -1702.453369140625 -1686.3994140625
3 16 41360 37687 -1707.774169921875 -1697.5264892578125
3 16 41360 37688 -1707.7783203125 -1696.92626953125
3 16 41360 37689 -1706.4869384765625 -1696.8277587890625
3 16 41361 37682 -1687.13427734375 -1670.260986328125
3 16 41361 37683 -1691.9288330078125 -1675.556396484375
3 16 41361 37684 -1703.1107177734375 -1687.2802734375
3 16 41361 37685 -1703.28466796875 -1694.4464111328125
3 16 41361 37686 -1699.5670166015625 -1691.5731201171875
3 16 41361 37687 -1704.1575927734375 -1693.7845458984375
3 16 41361 37688 -1704.6441650390625 -1692.93603515625
3 16 41361 37689 -1706.0792236328125 -1693.4796142578125
3 16 41362 37680 -1659.6923828125 -1640.5595703125
3 16 41362 37681 -1675.3072509765625 -1652.00439453125
3 16 41362 37682 -1682.7652587890625 -1670.3922119140625
3 16 41362 37683 -1688.2222900390625 -1676.5257568359375
3 16 41362 37684 -1697.9427490234375 -1683.648193359375
3 16 41362 37685 -1701.634765625 -1685.55859375
3 16 41362 37686 -1701.9031982421875 -1693.94873046875
3 16 41362 37687 -1705.58203125 -1695.7310791015625
3 16 41362 37688 -1706.44140625 -1693.685791015625
3 16 41362 37689 -1707.7164306640625 -1692.8201904296875
3 16 41362 37690 -1715.361572265625 -1695.7734375
3 16 41363 37680 -1665.4202880859375 -1646.29150390625
3 16 41363 37681 -1673.10400390625 -1657.3704833984375
3 16 41363 37682 -1683.114990234375 -1668.783935546875
3 16 41363 37683 -1685.0262451171875 -1675.9708251953125
3 16 41363 37684 -1686.29931640625 -1677.365478515625
3 16 41363 37685 -1694.0858154296875 -1683.092041015625
3 16 41363 37686 -1702.88818359375 -1689.8046875
3 16 41363 37687 -1703.69580078125 -1698.9796142578125
3 16 41363 37688 -1706.67236328125 -1696.176025390625
3 16 41363 37689 -1711.252685546875 -1700.5172119140625
3 16 41363 37690 -1718.8858642578125 -1702.5257568359375
3 16 41364 37678 -1670.379638671875 -1659.581298828125
3 16 41364 37679 -1671.4764404296875 -1657.44287109375
3 16 41364 37680 -1678.2659912109375 -1657.3839111328125
3 16 41364 37681 -1679.8094482421875 -1662.4722900390625
3 16 41364 37682 -1683.1373291015625 -1670.4654541015625
3 16 41364 37683 -1683.5888671875 -1675.1246337890625
3 16 41364 37684 -1685.745849609375 -1678.6243896484375
3 16 41364 37685 -1691.37060546875 -1677.3297119140625
3 16 41364 37686 -1704.5318603515625 -1687.830322265625
3 16 41364 37687 -1704.7259521484375 -1698.7783203125
3 16 41364 37688 -1704.068115234375 -1695.3553466796875
3 16 41364 37689 -1704.6038818359375 -1692.94189453125
3 16 41364 37690 -1711.4954833984375 -1695.5164794921875
3 16 41365 37678 -1685.48583984375 -1662.096435546875
3 16 41365 37679 -1687.93310546875 -1668.60009765625
3 16 41365 37680 -1688.16748046875 -1671.2020263671875
3 16 41365 37681 -1685.2099609375 -1676.0728759765625
3 16 41365 37682 -1690.7696533203125 -1679.683349609375
3 16 41365 37683 -1689.1533203125 -1679.479248046875
3 16 41365 37684 -1685.05322265625 -1674.1517333984375
3 16 41365 37685 -1688.053955078125 -1671.052490234375
3 16 41365 37686 -1701.5712890625 -1676.7957763671875
3 16 41365 37687 -1714.4239501953125 -1695.9691162109375
3 16 41365 37688 -1713.63427734375 -1696.2227783203125
3 16 41365 37689 -1705.8397216796875 -1693.267333984375
3 16 41365 37690 -1700.5081787109375 -1690.7545166015625
3 16 41365 37691 -1711.750732421875 -1693.098876953125
3 16 41366 37678 -1691.9112548828125 -1670.9632568359375
3 16 41366 37679 -1698.61865234375 -1685.1016845703125
3 16 41366 37680 -1698.9814453125 -1681.75634765625
3 16 41366 37681 -1695.3758544921875 -1681.35302734375
3 16 41366 37682 -1694.9732666015625 -1683.2548828125
3 16 41366 37683 -1690.48193359375 -1679.640380859375
3 16 41366 37684 -1691.458251953125 -1675.4461669921875
3 16 41366 37685 -1687.1055908203125 -1670.9930419921875
3 16 41366 37686 -1707.802978515625 -1676.526611328125
3 16 41366 37687 -1715.2462158203125 -1696.73828125
3 16 41366 37688 -1716.82666015625 -1705.59716796875
3 16 41366 37689 -1711.384033203125 -1694.6856689453125
3 16 41366 37690 -1705.7783203125 -1692.8380126953125
3 16 41366 37691 -1710.405517578125 -1694.5841064453125
3 16 41367 37678 -1689.6571044921875 -1675.467041015625
3 16 41367 37679 -1699.22802734375 -1677.39697265625
3 16 41367 37680 -1699.10791015625 -1689.3848876953125
3 16 41367 37681 -1703.8135986328125 -1691.0977783203125
3 16 41367 37682 -1703.7568359375 -1689.824951171875
3 16 41367 37683 -1703.21142578125 -1685.724365234375
3 16 41367 37684 -1704.54541015625 -1687.0523681640625
3 16 41367 37685 -1696.5675048828125 -1680.7637939453125
3 16 41367 37686 -1712.06689453125 -1683.9547119140625
3 16 41367 37687 -1717.9722900390625 -1707.7608642578125
3 16 41367 37688 -1717.0323486328125 -1708.6258544921875
3 16 41367 37689 -1713.235595703125 -1705.4180908203125
3 16 41367 37690 -1722.703857421875 -1700.889892578125
3 16 41367 37691 -1733.9658203125 -1702.5521240234375
3 16 41368 37679 -1689.5111083984375 -1670.5316162109375
3 16 41368 37680 -1697.6334228515625 -1678.7578125
3 16 41368 37681 -1703.728515625 -1687.8841552734375
3 16 41368 37682 -1705.421875 -1691.110107421875
3 16 41368 37683 -1706.440673828125 -1698.0545654296875
3 16 41368 37684 -1706.248779296875 -1693.614501953125
3 16 41368 37685 -1712.739013671875 -1691.75244140625
3 16 41368 37686 -1715.18798828125 -1696.18994140625
3 16 41368 37687 -1724.6292724609375 -1709.6290283203125
3 16 41368 37688 -1726.363037109375 -1711.885009765625
3 16 41368 37689 -1719.0045166015625 -1710.1331787109375
3 16 41368 37690 -1737.1007080078125 -1712.33984375
3 16 41368 37691 -1753.5606689453125 -1722.3984375
3 16 41369 37680 -1690.4947509765625 -1678.0533447265625
3 16 41369 37681 -1698.857421875 -1688.3399658203125
3 16 41369 37682 -1698.8631591796875 -1691.8953857421875
3 16 41369 37683 -1700.1092529296875 -1691.9150390625
3 16 41369 37684 -1710.7366943359375 -1697.7952880859375
3 16 41369 37685 -1721.549072265625 -1702.834716796875
3 16 41369 37686 -1728.79052734375 -1712.3533935546875
3 16 41369 37687 -1727.6395263671875 -1714.5101318359375
3 16 41369 37688 -1726.75048828125 -1713.441650390625
3 16 41369 37689 -1717.7216796875 -1709.6986083984375
3 16 41369 37690 -1740.429931640625 -1712.794677734375
3 16 41369 37691 -1761.35302734375 -1734.8800048828125
3 16 41370 37682 -1702.719482421875 -1691.7003173828125
3 16 41370 37683 -1700.833984375 -1691.7003173828125
3 16 41370 37684 -1710.2154541015625 -1698.302734375
3 16 41370 37685 -1720.2415771484375 -1705.9697265625
3 16 41370 37686 -1730.7833251953125 -1714.873291015625
3 16 41370 37687 -1731.021728515625 -1720.28125
3 16 41370 37688 -1725.6153564453125 -1714.609130859375
3 16 41370 37689 -1726.0518798828125 -1713.33837890625
3 16 41370 37690 -1742.22314453125 -1716.9246826171875
3 16 41370 37691 -1758.328857421875 -1735.0692138671875
3 16 41371 37684 -1710.9459228515625 -1700.566650390625
3 16 41371 37685 -1717.454345703125 -1708.25634765625
3 16 41371 37686 -1727.327880859375 -1713.6634521484375
3 16 41371 37687 -1730.764404296875 -1720.091552734375
3 16 41371 37688 -1728.7802734375 -1721.04443359375
3 16 41371 37689 -1729.81689453125 -1720.8685302734375
3 16 41372 37686 -1720.1583251953125 -1711.630859375
3 16 41372 37687 -1725.0699462890625 -1717.12451171875
3 16 41372 37688 -1726.1556396484375 -1719.506591796875
3 17 82542 75228 -1847.726806640625 -1842.649658203125
3 17 82543 75227 -1845.128662109375 -1839.3375244140625
3 17 82543 75228 -1847.905029296875 -1840.0291748046875
3 17 82543 75229 -1853.2655029296875 -1846.4261474609375
3 17 82544 75225 -1847.5595703125 -1842.6641845703125
3 17 82544 75226 -1847.3621826171875 -1839.2635498046875
3 17 82544 75227 -1845.4288330078125 -1839.1397705078125
3 17 82544 75228 -1849.938232421875 -1839.89794921875
3 17 82544 75229 -1857.2757568359375 -1847.3248291015625
3 17 82545 75224 -1853.6834716796875 -1847.013916015625
3 17 82545 75225 -1852.9697265625 -1846.4759521484375
3 17 82545 75226 -1851.8216552734375 -1845.095703125
3 17 82545 75229 -1859.4967041015625 -1849.1820068359375
3 17 82545 75230 -1863.6134033203125 -1857.171142578125
3 17 82546 75225 -1855.586181640625 -1850.862548828125
3 17 82546 75226 -1856.1270751953125 -1847.8450927734375
3 17 82546 75227 -1855.9344482421875 -1846.095703125
3 17 82547 75226 -1862.9859619140625 -1853.3336181640625
3 17 82547 75227 -1863.9825439453125 -1854.4920654296875
3 17 82636 75300 -1532.0072021484375 -1526.061767578125
3 17 82636 75301 -1540.142822265625 -1530.816162109375
3 17 82636 75302 -1547.17431640625 -1539.2216796875
3 17 82636 75303 -1547.2230224609375 -1541.4962158203125
3 17 82636 75304 -1546.2518310546875 -1541.5137939453125
3 17 82636 75305 -1545.078369140625 -1536.9521484375
3 17 82637 75300 -1532.615234375 -1526.061767578125
3 17 82637 75301 -1540.1986083984375 -1530.9326171875
3 17 82637 75302 -1547.2047119140625 -1538.7620849609375
3 17 82637 75303 -1547.3759765625 -1542.033935546875
3 17 82637 75304 -1545.74658203125 -1537.794921875
3 17 82637 75305 -1542.2705078125 -1528.1751708984375
3 17 82638 75298 -1529.913330078125 -1524.2611083984375
3 17 82638 75299 -1529.374267578125 -1524.047607421875
3 17 82638 75300 -1531.628662109375 -1526.8624267578125
3 17 82638 75301 -1538.8367919921875 -1528.338134765625
3 17 82638 75302 -1542.911376953125 -1532.2415771484375
3 17 82638 75303 -1544.052734375 -1530.9105224609375
3 17 82638 75304 -1542.0528564453125 -1526.93896484375
3 17 82638 75305 -1537.86767578125 -1522.895751953125
3 17 82638 75306 -1528.2188720703125 -1515.8089599609375
3 17 82638 75307 -1523.626220703125 -1512.6182861328125
3 17 82639 75298 -1525.964599609375 -1518.9700927734375
3 17 82639 75299 -1527.1417236328125 -1519.912353515625
3 17 82639 75300 -1528.344482421875 -1523.088134765625
3 17 82639 75301 -1535.8316650390625 -1523.1103515625
3 17 82639 75302 -1535.8521728515625 -1517.6456298828125
3 17 82639 75303 -1533.1309814453125 -1514.763916015625
3 17 82639 75304 -1532.801025390625 -1511.802978515625
3 17 82639 75305 -1527.0472412109375 -1511.3753662109375
3 17 82639 75306 -1522.9202880859375 -1506.8544921875
3 17 82639 75307 -1515.904296875 -1502.946044921875
3 17 82640 75296 -1514.4368896484375 -1503.6817626953125
3 17 82640 75297 -1519.106689453125 -1504.9168701171875
3 17 82640 75298 -1520.8338623046875 -1510.179931640625
3 17 82640 75299 -1523.536865234375 -1516.56787109375
3 17 82640 75300 -1524.801025390625 -1520.4437255859375
3 17 82640 75301 -1526.958984375 -1518.24169921875
3 17 82640 75302 -1527.0595703125 -1513.0699462890625
3 17 82640 75303 -1517.727294921875 -1511.3470458984375
3 17 82640 75304 -1516.3177490234375 -1505.32373046875
3 17 82640 75305 -1512.539794921875 -1502.2978515625
3 17 82640 75306 -1512.3895263671875 -1502.1551513671875
3 17 82640 75307 -1507.0216064453125 -1497.281494140625
3 17 82640 75308 -1503.346435546875 -1491.3489990234375
3 17 82641 75296 -1507.254638671875 -1502.9251708984375
3 17 82641 75297 -1510.2884521484375 -1503.8367919921875
3 17 82641 75298 -1516.71923828125 -1508.440185546875
3 17 82641 75299 -1521.578857421875 -1509.5845947265625
3 17 82641 75300 -1522.45361328125 -1512.3731689453125
3 17 82641 75301 -1523.7620849609375 -1515.5302734375
3 17 82641 75302 -1519.0750732421875 -1512.1759033203125
3 17 82641 75303 -1514.8238525390625 -1507.8289794921875
3 17 82641 75304 -1511.5220947265625 -1499.861083984375
3 17 82641 75305 -1505.7882080078125 -1494.9595947265625
3 17 82641 75306 -1503.8031005859375 -1494.484619140625
3 17 82641 75307 -1502.37060546875 -1489.5062255859375
3 17 82641 75308 -1497.7735595703125 -1480.7830810546875
3 17 82642 75294 -1508.5933837890625 -1496.603759765625
3 17 82642 75295 -1506.9127197265625 -1496.9613037109375
3 17 82642 75296 -1507.2025146484375 -1500.2935791015625
3 17 82642 75297 -1510.5736083984375 -1504.684814453125
3 17 82642 75298 -1510.6134033203125 -1500.81103515625
3 17 82642 75299 -1512.4232177734375 -1500.9761962890625
3 17 82642 75300 -1516.688720703125 -1509.5234375
3 17 82642 75301 -1518.9417724609375 -1515.26318359375
3 17 82642 75302 -1518.0887451171875 -1511.0081787109375
3 17 82642 75303 -1512.3270263671875 -1504.1695556640625
3 17 82642 75304 -1507.830078125 -1494.96484375
3 17 82642 75305 -1499.9365234375 -1486.66064453125
3 17 82642 75306 -1496.7650146484375 -1483.7176513671875
3 17 82642 75307 -1495.6204833984375 -1480.2001953125
3 17 82642 75308 -1489.566650390625 -1469.4322509765625
3 17 82642 75309 -1480.8763427734375 -1460.5611572265625
3 17 82643 75295 -1500.3455810546875 -1490.3177490234375
3 17 82643 75296 -1506.567138671875 -1493.516357421875
3 17 82643 75297 -1507.64501953125 -1497.3123779296875
3 17 82643 75298 -1505.520263671875 -1497.4288330078125
3 17 82643 75299 -1510.706787109375 -1497.923583984375
3 17 82643 75300 -1516.942138671875 -1507.489990234375
3 17 82643 75301 -1517.8876953125 -1514.3529052734375
3 17 82643 75302 -1515.3826904296875 -1509.0225830078125
3 17 82643 75303 -1511.0374755859375 -1501.3641357421875
3 17 82643 75304 -1505.7525634765625 -1491.0457763671875
3 17 82643 75305 -1495.1873779296875 -1480.63818359375
3 17 82643 75306 -1486.72900390625 -1473.63330078125
3 17 82643 75307 -1484.565185546875 -1464.8035888671875
3 17 82643 75308 -1480.2686767578125 -1464.6011962890625
3 17 82643 75309 -1469.572509765625 -1457.4869384765625
3 17 82644 75296 -1497.7333984375 -1490.2274169921875
3 17 82644 75297 -1498.7652587890625 -1493.968994140625
3 17 82644 75298 -1502.42822265625 -1494.314697265625
3 17 82644 75299 -1509.2115478515625 -1498.157958984375
3 17 82644 75300 -1515.7747802734375 -1508.1417236328125
3 17 82644 75301 -1515.9735107421875 -1509.9517822265625
3 17 82644 75302 -1514.529052734375 -1503.108154296875
3 17 82644 75303 -1510.0704345703125 -1490.3961181640625
3 17 82644 75304 -1501.4375 -1479.9285888671875
3 17 82644 75305 -1491.0706787109375 -1471.19384765625
3 17 82644 75306 -1480.6529541015625 -1464.8792724609375
3 17 82644 75307 -1473.702880859375 -1457.9361572265625
3 17 82644 75308 -1465.5765380859375 -1457.755615234375
3 17 82644 75309 -1465.153076171875 -1454.3641357421875
3 17 82645 75296 -1494.7694091796875 -1490.1226806640625
3 17 82645 75297 -1497.983642578125 -1491.98779296875
3 17 82645 75298 -1503.4564208984375 -1496.31591796875
3 17 82645 75299 -1508.7410888671875 -1502.0770263671875
3 17 82645 75300 -1513.5751953125 -1505.2005615234375
3 17 82645 75301 -1512.860595703125 -1502.1778564453125
3 17 82645 75302 -1510.0843505859375 -1495.450927734375
3 17 82645 75303 -1503.186767578125 -1486.98095703125
3 17 82645 75304 -1490.53369140625 -1473.3052978515625
3 17 82645 75305 -1479.9971923828125 -1466.2269287109375
3 17 82645 75306 -1471.34423828125 -1462.2381591796875
3 17 82645 75307 -1464.9754638671875 -1457.9173583984375
3 17 82645 75308 -1461.5428466796875 -1457.85498046875
3 17 82645 75309 -1461.26416015625 -1455.1392822265625
3 17 82646 75297 -1496.4542236328125 -1490.477783203125
3 17 82646 75298 -1502.2327880859375 -1495.012451171875
3 17 82646 75299 -1506.1441650390625 -1498.014892578125
3 17 82646 75300 -1506.5152587890625 -1501.8128662109375
3 17 82646 75301 -1507.3868408203125 -1497.5887451171875
3 17 82646 75302 -1502.22607421875 -1487.7218017578125
3 17 82646 75303 -1495.544189453125 -1481.9852294921875
3 17 82646 75304 -1487.1796875 -1471.4603271484375
3 17 82646 75305 -1473.3880615234375 -1463.9964599609375
3 17 82646 75306 -1466.9945068359375 -1461.98974609375
3 17 82646 75307 -1467.02392578125 -1459.5430908203125
3 17 82646 75308 -1464.8038330078125 -1459.527587890625
3 17 82646 75309 -1461.6427001953125 -1456.2086181640625
3 17 82647 75298 -1500.1319580078125 -1489.55419921875
3 17 82647 75299 -1501.8948974609375 -1493.028076171875
3 17 82647 75300 -1503.44189453125 -1497.2978515625
3 17 82647 75301 -1501.9903564453125 -1492.6195068359375
3 17 82647 75302 -1497.645263671875 -1486.0380859375
3 17 82647 75303 -1487.9051513671875 -1479.231689453125
3 17 82647 75304 -1482.2086181640625 -1470.5748291015625
3 17 82647 75305 -1475.78662109375 -1465.036376953125
3 17 82647 75306 -1470.716552734375 -1464.15966796875
3 17 82647 75307 -1468.5452880859375 -1464.560302734375
3 17 82647 75308 -1466.5123291015625 -1459.58447265625
3 17 82647 75309 -1461.7735595703125 -1457.5093994140625
3 17 82648 75298 -1493.102783203125 -1488.3831787109375
3 17 82648 75299 -1497.4171142578125 -1489.7359619140625
3 17 82648 75300 -1500.0328369140625 -1491.950927734375
3 17 82648 75301 -1498.557861328125 -1492.5172119140625
3 17 82648 75302 -1495.215087890625 -1487.552978515625
3 17 82648 75303 -1489.86181640625 -1479.7608642578125
3 17 82648 75304 -1483.904052734375 -1475.4818115234375
3 17 82648 75305 -1477.9088134765625 -1468.7310791015625
3 17 82648 75306 -1470.4400634765625 -1466.4832763671875
3 17 82648 75307 -1470.2144775390625 -1466.427490234375
3 17 82649 75300 -1496.5389404296875 -1491.97607421875
3 17 82649 75301 -1498.066162109375 -1494.536376953125
3 17 82649 75302 -1496.1112060546875 -1489.8343505859375
3 17 82649 75303 -1495.4049072265625 -1483.8426513671875
3 17 82649 75304 -1489.03271484375 -1477.61474609375
3 17 82649 75305 -1482.1728515625 -1469.9290771484375
3 17 82650 75302 -1495.907958984375 -1492.3907470703125
3 17 82650 75303 -1495.389404296875 -1488.60986328125
3 17 82650 75304 -1491.4798583984375 -1482.11328125
3 17 82732 75374 -1709.38916015625 -1696.884033203125
3 17 82732 75375 -1715.2462158203125 -1708.1468505859375
3 17 82732 75376 -1715.6976318359375 -1710.0902099609375
3 17 82732 75377 -1714.801025390625 -1705.8125
3 17 82732 75378 -1711.4678955078125 -1700.166015625
3 17 82732 75379 -1705.4061279296875 -1694.5360107421875
3 17 82733 75374 -1712.9171142578125 -1702.7806396484375
3 17 82733 75375 -1715.1671142578125 -1709.1329345703125
3 17 82733 75376 -1716.8350830078125 -1712.871337890625
3 17 82733 75377 -1716.08984375 -1708.826904296875
3 17 82733 75378 -1711.45263671875 -1705.3570556640625
3 17 82733 75379 -1708.9390869140625 -1699.5966796875
3 17 82734 75370 -1693.6939697265625 -1681.9603271484375
3 17 82734 75371 -1693.2347412109375 -1680.8106689453125
3 17 82734 75372 -1696.682373046875 -1684.1129150390625
3 17 82734 75373 -1708.9371337890625 -1694.52880859375
3 17 82734 75374 -1715.8983154296875 -1707.7608642578125
3 17 82734 75375 -1716.1163330078125 -1712.1502685546875
3 17 82734 75376 -1717.193603515625 -1713.6453857421875
3 17 82734 75377 -1716.0684814453125 -1708.5631103515625
3 17 82734 75378 -1710.9005126953125 -1708.3294677734375
3 17 82734 75379 -1711.6549072265625 -1705.3984375
3 17 82734 75380 -1710.88525390625 -1701.58056640625
3 17 82735 75370 -1694.56201171875 -1689.947998046875
3 17 82735 75371 -1696.5025634765625 -1689.1533203125
3 17 82735 75372 -1700.9912109375 -1693.2105712890625
3 17 82735 75373 -1712.0736083984375 -1696.086669921875
3 17 82735 75374 -1715.559326171875 -1708.4598388671875
3 17 82735 75375 -1718.0203857421875 -1712.8157958984375
3 17 82735 75376 -1716.51171875 -1713.168701171875
3 17 82735 75377 -1715.633056640625 -1710.48388671875
3 17 82735 75378 -1712.560791015625 -1709.0777587890625
3 17 82735 75379 -1713.14453125 -1709.8626708984375
3 17 82735 75380 -1716.2021484375 -1708.2197265625
3 17 82736 75370 -1700.15087890625 -1691.603759765625
3 17 82736 75371 -1704.181884765625 -1692.5828857421875
3 17 82736 75372 -1705.8006591796875 -1696.18994140625
3 17 82736 75373 -1711.7191162109375 -1700.68994140625
3 17 82736 75374 -1717.3123779296875 -1709.5723876953125
3 17 82736 75375 -1724.6466064453125 -1713.8709716796875
3 17 82736 75376 -1724.9786376953125 -1713.463623046875
3 17 82736 75377 -1719.607666015625 -1711.9111328125
3 17 82736 75378 -1717.118896484375 -1710.219482421875
3 17 82736 75379 -1714.7657470703125 -1709.9912109375
3 17 82736 75380 -1721.469970703125 -1712.8360595703125
3 17 82736 75381 -1731.0362548828125 -1716.1043701171875
3 17 82736 75382 -1735.670166015625 -1722.703857421875
3 17 82737 75370 -1705.786865234375 -1696.94970703125
3 17 82737 75371 -1712.49267578125 -1700.041015625
3 17 82737 75372 -1715.18798828125 -1703.4683837890625
3 17 82737 75373 -1714.973388671875 -1705.799072265625
3 17 82737 75374 -1717.72705078125 -1709.50439453125
3 17 82737 75375 -1724.62109375 -1714.77490234375
3 17 82737 75376 -1726.1885986328125 -1719.5498046875
3 17 82737 75377 -1724.6778564453125 -1716.6309814453125
3 17 82737 75378 -1719.1126708984375 -1713.673583984375
3 17 82737 75379 -1714.875 -1711.7025146484375
3 17 82737 75380 -1723.86767578125 -1712.1624755859375
3 17 82737 75381 -1736.7791748046875 -1720.2305908203125
3 17 82737 75382 -1747.6561279296875 -1730.9830322265625
3 17 82738 75368 -1704.0345458984375 -1697.7237548828125
3 17 82738 75369 -1710.791748046875 -1702.3797607421875
3 17 82738 75370 -1712.13134765625 -1702.8209228515625
3 17 82738 75371 -1718.83740234375 -1705.6187744140625
3 17 82738 75372 -1724.47412109375 -1712.3533935546875
3 17 82738 75373 -1724.2359619140625 -1713.835205078125
3 17 82738 75374 -1722.754150390625 -1714.471923828125
3 17 82738 75375 -1725.016357421875 -1717.6881103515625
3 17 82738 75376 -1726.9014892578125 -1722.4462890625
3 17 82738 75377 -1724.60888671875 -1713.7373046875
3 17 82738 75378 -1717.772216796875 -1710.392578125
3 17 82738 75379 -1716.8475341796875 -1709.8873291015625
3 17 82738 75380 -1730.105712890625 -1712.6800537109375
3 17 82738 75381 -1740.429931640625 -1723.7449951171875
3 17 82738 75382 -1750.2774658203125 -1736.7369384765625
3 17 82738 75383 -1758.8310546875 -1747.62060546875
3 17 82739 75369 -1709.513916015625 -1702.051513671875
3 17 82739 75370 -1712.1546630859375 -1706.148193359375
3 17 82739 75371 -1721.6195068359375 -1710.3602294921875
3 17 82739 75372 -1726.42822265625 -1718.1947021484375
3 17 82739 75373 -1728.8455810546875 -1721.6373291015625
3 17 82739 75374 -1727.6781005859375 -1720.614501953125
3 17 82739 75375 -1724.6038818359375 -1718.4892578125
3 17 82739 75376 -1723.7086181640625 -1718.126953125
3 17 82739 75377 -1723.114990234375 -1713.505126953125
3 17 82739 75378 -1715.95751953125 -1709.5545654296875
3 17 82739 75379 -1716.9798583984375 -1709.7100830078125
3 17 82739 75380 -1730.06787109375 -1716.0225830078125
3 17 82739 75381 -1740.3076171875 -1728.1942138671875
3 17 82739 75382 -1749.7073974609375 -1734.71728515625
3 17 82740 75370 -1712.1785888671875 -1706.00439453125
3 17 82740 75371 -1720.191162109375 -1709.02685546875
3 17 82740 75372 -1728.8494873046875 -1716.6104736328125
3 17 82740 75373 -1730.943359375 -1725.0079345703125
3 17 82740 75374 -1730.116943359375 -1724.46240234375
3 17 82740 75375 -1728.156005859375 -1720.28125
3 17 82740 75376 -1723.0140380859375 -1717.635498046875
3 17 82740 75377 -1720.1700439453125 -1714.62939453125
3 17 82740 75378 -1719.21337890625 -1714.0103759765625
3 17 82740 75379 -1723.062255859375 -1713.296630859375
3 17 82740 75380 -1728.557373046875 -1716.9114990234375
3 17 82740 75381 -1741.2193603515625 -1726.8760986328125
3 17 82741 75370 -1713.0740966796875 -1708.4832763671875
3 17 82741 75371 -1716.895751953125 -1710.7613525390625
3 17 82741 75372 -1725.24462890625 -1714.7747802734375
3 17 82741 75373 -1730.5079345703125 -1720.1153564453125
3 17 82741 75374 -1731.0220947265625 -1726.9783935546875
3 17 82741 75375 -1729.9542236328125 -1722.8016357421875
3 17 82741 75376 -1725.5899658203125 -1720.1588134765625
3 17 82741 75377 -1724.0186767578125 -1719.01123046875
3 17 82741 75378 -1724.337646484375 -1717.5113525390625
3 17 82741 75379 -1726.112548828125 -1718.3905029296875
3 17 82741 75380 -1728.354248046875 -1721.844482421875
3 17 82742 75372 -1720.3336181640625 -1715.8348388671875
3 17 82742 75373 -1727.1842041015625 -1718.4490966796875
3 17 82742 75374 -1730.8101806640625 -1723.749267578125
3 17 82742 75375 -1729.703369140625 -1723.113037109375
3 17 82742 75376 -1727.9056396484375 -1722.235107421875
3 17 82742 75377 -1728.4527587890625 -1721.115478515625
3 17 82742 75378 -1728.97216796875 -1720.794189453125
3 17 82743 75372 -1720.166015625 -1713.658935546875
3 17 82743 75373 -1724.3311767578125 -1718.1644287109375
3 17 82743 75374 -1726.2176513671875 -1720.005615234375
3 17 82743 75375 -1726.720703125 -1722.6134033203125
3 17 82743 75376 -1728.0330810546875 -1723.875244140625
3 17 82743 75377 -1728.8248291015625 -1723.525146484375
3 17 82744 75372 -1719.4710693359375 -1711.750244140625
3 17 82744 75373 -1720.1583251953125 -1716.68798828125
3 17 82744 75374 -1724.55224609375 -1717.23291015625
3 17 82744 75375 -1724.9534912109375 -1718.1495361328125
3 17 82745 75374 -1720.387939453125 -1717.0948486328125
3 18 165086 150456 -1846.592529296875 -1843.1741943359375
3 18 165086 150457 -1847.9996337890625 -1845.2972412109375
3 18 165087 150454 -1842.80908203125 -1839.3948974609375
3 18 165087 150455 -1843.308349609375 -1839.3323974609375
3 18 165087 150456 -1846.5509033203125 -1840.0675048828125
3 18 165087 150457 -1847.4024658203125 -1845.3065185546875
3 18 165087 150458 -1850.335205078125 -1846.7294921875
3 18 165088 150453 -1841.9913330078125 -1839.236083984375
3 18 165088 150454 -1842.23876953125 -1839.5574951171875
3 18 165088 150455 -1843.123291015625 -1839.111083984375
3 18 165088 150456 -1845.835205078125 -1840.048828125
3 18 165088 150457 -1848.8697509765625 -1845.0843505859375
3 18 165088 150458 -1852.2724609375 -1847.3248291015625
3 18 165089 150451 -1847.39990234375 -1844.0360107421875
3 18 165089 150452 -1847.4228515625 -1841.9156494140625
3 18 165089 150453 -1846.787841796875 -1841.16943359375
3 18 165089 150457 -1849.994140625 -1844.7706298828125
3 18 165089 150458 -1855.43212890625 -1848.6939697265625
3 18 165089 150459 -1857.2117919921875 -1852.251708984375
3 18 165090 150450 -1850.869384765625 -1846.4503173828125
3 18 165090 150451 -1850.6973876953125 -1846.45166015625
3 18 165090 150452 -1849.8885498046875 -1846.3035888671875
3 18 165090 150453 -1849.8397216796875 -1845.218505859375
3 18 165090 150458 -1855.394775390625 -1849.1767578125
3 18 165090 150459 -1858.319580078125 -1854.938720703125
3 18 165090 150460 -1862.361083984375 -1857.171142578125
3 18 165091 150450 -1853.014404296875 -1850.241943359375
3 18 165091 150451 -1852.21875 -1849.6072998046875
3 18 165091 150452 -1851.8460693359375 -1849.4013671875
3 18 165091 150453 -1850.36328125 -1847.9237060546875
3 18 165091 150458 -1857.2744140625 -1850.431640625
3 18 165092 150451 -1852.528564453125 -1851.03857421875
3 18 165092 150452 -1852.17333984375 -1849.7650146484375
3 18 165092 150453 -1851.5364990234375 -1847.826904296875
3 18 165093 150452 -1855.222900390625 -1850.4766845703125
3 18 165093 150453 -1856.202880859375 -1849.30029296875
3 18 165093 150454 -1855.9344482421875 -1847.8319091796875
3 18 165093 150455 -1855.1292724609375 -1847.70703125
3 18 165094 150453 -1860.344970703125 -1855.1943359375
3 18 165094 150454 -1861.99072265625 -1854.4920654296875
3 19 330174 300911 -1843.3089599609375 -1841.0291748046875
3 19 330174 300912 -1844.6317138671875 -1841.720947265625
3 19 330174 300913 -1846.5167236328125 -1843.955322265625
3 19 330174 300914 -1847.3709716796875 -1845.6358642578125
3 19 330175 300910 -1841.28173828125 -1839.3704833984375
3 19 330175 300911 -1841.720947265625 -1839.33056640625
3 19 330175 300912 -1843.955322265625 -1840.0771484375
3 19 330175 300913 -1845.6358642578125 -1842.4891357421875
3 19 330175 300914 -1846.928466796875 -1845.3046875
3 19 330175 300915 -1847.4024658203125 -1846.55615234375
3 19 330176 300908 -1840.557373046875 -1839.8211669921875
3 19 330176 300909 -1840.7923583984375 -1839.5556640625
3 19 330176 300910 -1840.79541015625 -1839.1453857421875
3 19 330176 300911 -1840.81591796875 -1839.1094970703125
3 19 330176 300912 -1842.4891357421875 -1840.048828125
3 19 330176 300913 -1845.835205078125 -1842.0616455078125
3 19 330176 300914 -1847.4512939453125 -1845.4241943359375
3 19 330176 300915 -1847.8607177734375 -1846.6029052734375
3 19 330176 300916 -1848.6971435546875 -1847.4024658203125
3 19 330177 300906 -1841.9180908203125 -1839.3153076171875
3 19 330177 300907 -1841.733642578125 -1839.3983154296875
3 19 330177 300908 -1841.727783203125 -1840.0841064453125
3 19 330177 300909 -1842.23876953125 -1840.276123046875
3 19 330177 300910 -1842.3421630859375 -1840.221435546875
3 19 330177 300911 -1843.1112060546875 -1840.163330078125
3 19 330177 300912 -1843.9583740234375 -1840.81591796875
3 19 330177 300913 -1845.6888427734375 -1842.1768798828125
3 19 330177 300914 -1848.0634765625 -1845.16162109375
3 19 330177 300915 -1848.871337890625 -1847.3394775390625
3 19 330177 300916 -1851.080078125 -1847.8607177734375
3 19 330177 300917 -1852.251708984375 -1848.6971435546875
3 19 330178 300905 -1844.9840087890625 -1841.9156494140625
3 19 330178 300906 -1843.9093017578125 -1841.1995849609375
3 19 330178 300907 -1843.7174072265625 -1841.2010498046875
3 19 330178 300908 -1843.312744140625 -1841.4449462890625
3 19 330178 300909 -1843.022216796875 -1841.7177734375
3 19 330178 300910 -1843.1998291015625 -1841.8936767578125
3 19 330178 300911 -1844.7010498046875 -1841.98876953125
3 19 330178 300912 -1844.9873046875 -1843.1112060546875
3 19 330178 300913 -1846.0196533203125 -1843.9583740234375
3 19 330178 300914 -1848.8048095703125 -1845.6888427734375
3 19 330178 300915 -1849.994140625 -1848.0634765625
3 19 330178 300916 -1851.63916015625 -1848.6939697265625
3 19 330178 300917 -1854.5164794921875 -1851.080078125
3 19 330179 300903 -1847.39990234375 -1846.03076171875
3 19 330179 300904 -1847.4228515625 -1844.73828125
3 19 330179 300905 -1846.5877685546875 -1843.705810546875
3 19 330179 300906 -1846.78955078125 -1843.6109619140625
3 19 330179 300907 -1845.56201171875 -1843.2879638671875
3 19 330179 300908 -1845.374267578125 -1842.3270263671875
3 19 330179 300909 -1845.295166015625 -1842.3343505859375
3 19 330179 300910 -1844.860107421875 -1842.84228515625
3 19 330179 300911 -1845.298095703125 -1843.1998291015625
3 19 330179 300912 -1845.3890380859375 -1844.3057861328125
3 19 330179 300913 -1845.82177734375 -1844.499755859375
3 19 330179 300914 -1848.1610107421875 -1844.7706298828125
3 19 330179 300915 -1849.964599609375 -1846.8466796875
3 19 330179 300916 -1852.2530517578125 -1849.2528076171875
3 19 330179 300917 -1855.3402099609375 -1851.53955078125
3 19 330180 300902 -1848.9232177734375 -1846.45166015625
3 19 330180 300903 -1848.2315673828125 -1846.7562255859375
3 19 330180 300904 -1848.7503662109375 -1846.5877685546875
3 19 330180 300905 -1849.03466796875 -1846.302001953125
3 19 330180 300906 -1849.0272216796875 -1845.56201171875
3 19 330180 300907 -1847.7972412109375 -1845.21728515625
3 19 330180 300908 -1847.822021484375 -1845.1053466796875
3 19 330180 300909 -1847.2308349609375 -1844.76220703125
3 19 330180 300910 -1846.8831787109375 -1844.338134765625
3 19 330180 300911 -1845.8944091796875 -1844.4168701171875
3 19 330180 300912 -1845.76171875 -1844.27392578125
3 19 330180 300913 -1845.60009765625 -1844.273193359375
3 19 330180 300914 -1846.8466796875 -1844.607666015625
3 19 330180 300915 -1849.7122802734375 -1846.202392578125
3 19 330180 300916 -1853.6605224609375 -1849.1767578125
3 19 330180 300917 -1855.3616943359375 -1852.2530517578125
3 19 330181 300902 -1850.6783447265625 -1848.2315673828125
3 19 330181 300903 -1850.61865234375 -1847.6824951171875
3 19 330181 300904 -1849.6990966796875 -1847.6822509765625
3 19 330181 300905 -1849.8890380859375 -1848.681396484375
3 19 330181 300906 -1849.8397216796875 -1847.728271484375
3 19 330181 300907 -1848.54541015625 -1847.1480712890625
3 19 330181 300908 -1848.0635986328125 -1847.00830078125
3 19 330181 300909 -1847.9677734375 -1846.75146484375
3 19 330181 300910 -1847.746826171875 -1845.625732421875
3 19 330181 300911 -1846.0013427734375 -1844.871826171875
3 19 330181 300912 -1845.8187255859375 -1844.9244384765625
3 19 330181 300913 -1845.9427490234375 -1844.8331298828125
3 19 330181 300914 -1847.38671875 -1845.3717041015625
3 19 330181 300915 -1850.431640625 -1846.30908203125
3 19 330181 300916 -1853.668212890625 -1849.7122802734375
3 19 330181 300917 -1855.1053466796875 -1853.1556396484375
3 19 330182 300904 -1851.246826171875 -1849.4013671875
3 19 330182 300905 -1851.2177734375 -1849.6636962890625
3 19 330182 300906 -1850.36328125 -1848.5050048828125
3 19 330182 300907 -1849.33056640625 -1847.974609375
3 19 330182 300908 -1848.5089111328125 -1846.9998779296875
3 19 330182 300909 -1848.0950927734375 -1847.078125
3 19 330182 300910 -1847.5716552734375 -1846.0013427734375
3 19 330182 300911 -1846.6112060546875 -1845.0330810546875
3 19 330182 300912 -1845.9876708984375 -1844.91259765625
3 19 330182 300913 -1846.9766845703125 -1844.8162841796875
3 19 330182 300914 -1848.3336181640625 -1845.68359375
3 19 330182 300915 -1851.478759765625 -1847.38671875
3 19 330182 300916 -1854.2430419921875 -1850.431640625
3 19 330182 300917 -1855.423583984375 -1853.47314453125
3 19 330183 300904 -1851.8460693359375 -1850.6605224609375
3 19 330183 300905 -1851.2579345703125 -1849.7744140625
3 19 330183 300906 -1850.314453125 -1848.6904296875
3 19 330183 300907 -1849.2618408203125 -1848.0380859375
3 19 330183 300908 -1848.838623046875 -1847.6104736328125
3 19 330183 300909 -1848.3271484375 -1847.14599609375
3 19 330183 300910 -1847.7501220703125 -1846.5206298828125
3 19 330183 300911 -1846.85888671875 -1845.625732421875
3 19 330183 300912 -1846.9698486328125 -1845.5628662109375
3 19 330183 300913 -1847.6080322265625 -1845.9256591796875
3 19 330183 300914 -1849.45751953125 -1846.9766845703125
3 19 330183 300915 -1852.3824462890625 -1848.3336181640625
3 19 330184 300904 -1852.17333984375 -1851.0032958984375
3 19 330184 300905 -1851.274658203125 -1849.85546875
3 19 330184 300906 -1850.5716552734375 -1848.41015625
3 19 330184 300907 -1849.1905517578125 -1847.82373046875
3 19 330184 300908 -1849.0533447265625 -1847.722412109375
3 19 330184 300909 -1848.79638671875 -1847.2374267578125
3 19 330184 300910 -1847.7513427734375 -1846.85888671875
3 19 330184 300911 -1847.66748046875 -1846.0546875
3 19 330184 300912 -1847.2396240234375 -1846.3134765625
3 19 330184 300913 -1847.7705078125 -1846.4237060546875
3 19 330184 300914 -1850.189453125 -1847.3115234375
3 19 330184 300915 -1853.855712890625 -1849.45751953125
3 19 330185 300904 -1851.9346923828125 -1850.661376953125
3 19 330185 300905 -1851.545166015625 -1850.524169921875
3 19 330185 300906 -1851.5364990234375 -1849.085693359375
3 19 330185 300907 -1850.3533935546875 -1847.86767578125
3 19 330185 300908 -1849.3494873046875 -1848.181884765625
3 19 330185 300909 -1849.215087890625 -1847.2750244140625
3 19 330185 300910 -1848.0128173828125 -1846.8348388671875
3 19 330185 300911 -1849.66650390625 -1847.0206298828125
3 19 330185 300912 -1849.6143798828125 -1846.9114990234375
3 19 330185 300913 -1849.479248046875 -1846.8876953125
3 19 330185 300914 -1851.2158203125 -1847.7705078125
3 19 330186 300906 -1853.3009033203125 -1850.30810546875
3 19 330186 300907 -1852.9287109375 -1849.3494873046875
3 19 330186 300908 -1852.3287353515625 -1848.950927734375
3 19 330186 300909 -1851.974609375 -1847.850341796875
3 19 330186 300910 -1851.377685546875 -1847.7191162109375
3 19 330187 300906 -1856.0316162109375 -1852.6904296875
3 19 330187 300907 -1856.2034912109375 -1852.3287353515625
3 19 330187 300908 -1855.8902587890625 -1851.8853759765625
3 19 330187 300909 -1855.1636962890625 -1851.377685546875
3 19 330604 301235 -1469.8060302734375 -1465.838134765625
3 19 330604 301236 -1470.406005859375 -1466.993896484375
3 19 330604 301237 -1471.5765380859375 -1467.97216796875
3 19 330604 301238 -1471.63720703125 -1467.9788818359375
3 19 330604 301239 -1472.339599609375 -1468.3765869140625
3 19 330604 301240 -1472.3892822265625 -1468.810791015625
3 19 330605 301234 -1469.637939453125 -1467.564453125
3 19 330605 301235 -1471.5277099609375 -1468.3055419921875
3 19 330605 301236 -1472.692626953125 -1469.8060302734375
3 19 330605 301237 -1474.1463623046875 -1470.22705078125
3 19 330605 301238 -1474.221435546875 -1471.3363037109375
3 19 330605 301239 -1474.6580810546875 -1471.356201171875
3 19 330605 301240 -1474.716552734375 -1471.522216796875
3 19 330605 301241 -1474.3975830078125 -1470.7220458984375
3 19 330606 301234 -1471.6201171875 -1468.99462890625
3 19 330606 301235 -1474.96240234375 -1469.637939453125
3 19 330606 301236 -1476.718017578125 -1471.5277099609375
3 19 330606 301237 -1477.7919921875 -1472.692626953125
3 19 330606 301238 -1478.1865234375 -1473.7984619140625
3 19 330606 301239 -1477.4796142578125 -1473.8223876953125
3 19 330606 301240 -1476.4976806640625 -1474.3233642578125
3 19 330606 301241 -1475.5013427734375 -1472.6683349609375
3 19 330606 301242 -1474.2559814453125 -1471.7545166015625
3 19 330607 301234 -1474.3604736328125 -1471.3218994140625
3 19 330607 301235 -1477.7064208984375 -1471.486083984375
3 19 330607 301236 -1479.8582763671875 -1474.96240234375
3 19 330607 301237 -1480.5003662109375 -1476.718017578125
3 19 330607 301238 -1480.69921875 -1477.4796142578125
3 19 330607 301239 -1479.858642578125 -1476.48486328125
3 19 330607 301240 -1477.84619140625 -1475.20166015625
3 19 330607 301241 -1475.6376953125 -1473.3118896484375
3 19 330607 301242 -1474.37841796875 -1473.2911376953125
3 19 330607 301243 -1474.2578125 -1473.375732421875
3 19 330608 301234 -1477.097900390625 -1473.2313232421875
3 19 330608 301235 -1479.2733154296875 -1474.3604736328125
3 19 330608 301236 -1480.5853271484375 -1477.7064208984375
3 19 330608 301237 -1480.6656494140625 -1479.5970458984375
3 19 330608 301238 -1480.9703369140625 -1479.2222900390625
3 19 330608 301239 -1479.9700927734375 -1477.452392578125
3 19 330608 301240 -1477.986083984375 -1475.6376953125
3 19 330608 301241 -1476.110595703125 -1474.04541015625
3 19 330608 301242 -1474.6778564453125 -1473.0301513671875
3 19 330608 301243 -1474.110107421875 -1472.391357421875
3 19 330608 301244 -1473.375732421875 -1472.0838623046875
3 19 330609 301234 -1477.44384765625 -1475.189697265625
3 19 330609 301235 -1480.635498046875 -1476.98974609375
3 19 330609 301236 -1481.309814453125 -1479.2733154296875
3 19 330609 301237 -1481.1373291015625 -1479.9970703125
3 19 330609 301238 -1480.6180419921875 -1478.6065673828125
3 19 330609 301239 -1479.2222900390625 -1477.2972412109375
3 19 330609 301240 -1477.79296875 -1475.698974609375
3 19 330609 301241 -1476.061279296875 -1473.962158203125
3 19 330609 301242 -1474.3343505859375 -1472.73583984375
3 19 330609 301243 -1473.122314453125 -1472.3238525390625
3 19 330609 301244 -1472.708984375 -1471.677978515625
3 19 330610 301235 -1480.578125 -1476.371337890625
3 19 330610 301236 -1481.302490234375 -1478.7509765625
3 19 330610 301237 -1481.1082763671875 -1479.7591552734375
3 19 330610 301238 -1480.617919921875 -1478.721435546875
3 19 330610 301239 -1479.367431640625 -1477.650634765625
3 19 330610 301240 -1478.334716796875 -1475.8426513671875
3 19 330610 301241 -1476.6387939453125 -1474.3343505859375
3 19 330610 301242 -1474.6173095703125 -1472.197265625
3 19 330610 301243 -1473.1610107421875 -1472.1590576171875
3 19 330610 301244 -1472.6710205078125 -1471.139892578125
3 19 330611 301235 -1478.75341796875 -1476.3511962890625
3 19 330611 301236 -1479.997802734375 -1477.672119140625
3 19 330611 301237 -1480.7567138671875 -1479.7659912109375
3 19 330611 301238 -1480.9891357421875 -1479.366455078125
3 19 330611 301239 -1480.18896484375 -1477.600830078125
3 19 330611 301240 -1478.5218505859375 -1476.555419921875
3 19 330611 301241 -1477.4534912109375 -1474.586669921875
3 19 330611 301242 -1475.2579345703125 -1472.197265625
3 19 330611 301243 -1472.6690673828125 -1472.0035400390625
3 19 330611 301244 -1472.4249267578125 -1470.9517822265625
3 19 330612 301236 -1480.3726806640625 -1477.7216796875
3 19 330612 301237 -1481.2554931640625 -1479.669677734375
3 19 330612 301238 -1481.2991943359375 -1480.0797119140625
3 19 330612 301239 -1480.390869140625 -1478.5218505859375
3 19 330612 301240 -1479.79833984375 -1477.4287109375
3 19 330612 301241 -1478.1705322265625 -1475.2579345703125
3 19 330612 301242 -1475.842529296875 -1472.56396484375
3 19 330612 301243 -1473.57421875 -1472.144287109375
3 19 330613 301237 -1481.3896484375 -1479.5611572265625
3 19 330613 301238 -1481.455810546875 -1479.4163818359375
3 19 330613 301239 -1480.6868896484375 -1478.38330078125
3 19 330613 301240 -1479.813232421875 -1476.8642578125
3 19 330613 301241 -1478.1483154296875 -1475.7279052734375
3 19 330613 301242 -1476.2884521484375 -1473.4405517578125
3 2 1 1 -190.86439514160156 7563.103515625
3 2 1 2 -4648.24169921875 2217.064208984375
3 2 1 3 -5454.35009765625 1371.5162353515625
3 2 2 0 2198.45849609375 7557.0888671875
3 2 2 1 -26.228914260864258 5075.900390625
3 2 2 2 -6213.85693359375 2057.673828125
3 2 2 3 -6553.2607421875 -45.0456657409668
3 2 3 0 247.66368103027344 5893.806640625
3 2 3 1 -471.723388671875 3553.10302734375
3 2 3 2 -2350.3115234375 3862.0615234375
3 2 3 3 -4591.68359375 2594.603515625
3 3 2 3 -101.33992004394531 4749.7939453125
3 3 2 4 -1494.2686767578125 1379.8914794921875
3 3 3 2 1930.9306640625 5711.1484375
3 3 3 3 -209.67837524414062 4079.3583984375
3 3 3 4 -2182.804931640625 2381.580322265625
3 3 4 2 1493.6170654296875 5363.2626953125
3 3 4 3 378.2901306152344 3918.9453125
3 3 4 4 -3874.303955078125 2230.77734375
3 3 4 5 -6688.60546875 -468.0873107910156
3 3 4 6 -6720.78271484375 -1209.0521240234375
3 3 5 4 -4295.21240234375 2179.75830078125
3 3 5 5 -4685.16796875 824.5535888671875
3 3 5 6 -5894.40234375 -1209.0521240234375
3 3 6 4 -355.8594970703125 2854.01611328125
3 3 6 5 -2602.010498046875 1838.977294921875
3 3 6 6 -5097.283203125 -458.632568359375
3 3 7 4 -614.1080322265625 3390.737548828125
3 3 7 5 -1300.342529296875 4051.10693359375
3 3 7 6 -3321.390625 2675.420654296875
3 3 7 7 -3677.467041015625 879.5744018554688
3 4 10 10 -4410.93212890625 -1251.4132080078125
3 4 10 11 -4821.06396484375 -858.2636108398438
3 4 10 8 -2589.12451171875 1707.6259765625
3 4 10 9 -4421.2919921875 28.8344783782959
3 4 11 10 -2827.14208984375 1175.262939453125
3 4 11 11 -3755.388671875 -312.4052429199219
3 4 11 12 -5037.13818359375 -1417.9775390625
3 4 11 8 -2276.950439453125 2270.500244140625
3 4 11 9 -3111.04931640625 1920.804443359375
3 4 12 10 -1385.5091552734375 1348.3536376953125
3 4 12 11 -2688.54052734375 948.2350463867188
3 4 12 12 -4242.197265625 -849.0031127929688
3 4 12 13 -5399.63330078125 -2709.090576171875
3 4 12 8 324.6875 2627.354248046875
3 4 12 9 -432.6695861816406 2176.422119140625
3 4 13 10 -1467.2620849609375 2031.7908935546875
3 4 13 11 -2065.543212890625 1197.608642578125
3 4 13 12 -3433.951416015625 -455.13421630859375
3 4 13 13 -5119.8955078125 -1059.8228759765625
3 4 13 9 -102.25716400146484 3061.65576171875
3 4 14 10 96.49089050292969 2026.7294921875
3 4 14 11 -1300.342529296875 2361.55078125
3 4 14 12 -2341.402587890625 1191.6710205078125
3 4 14 13 -3274.88232421875 -87.7851791381836
3 4 14 14 -3976.43017578125 -891.56396484375
3 4 15 11 749.7719116210938 4131.2158203125
3 4 15 12 -847.7562255859375 2844.06689453125
3 4 15 13 -1968.6864013671875 880.067138671875
3 4 15 14 -2605.38037109375 890.2525024414062
3 4 6 7 -510.9059143066406 3682.990478515625
3 4 6 8 -2279.512939453125 2379.952392578125
3 4 6 9 -2274.94091796875 915.0619506835938
3 4 7 6 1409.35498046875 4298.60595703125
3 4 7 8 -1668.0234375 2445.34619140625
3 4 7 9 -1644.73095703125 861.0680541992188
3 4 8 6 1118.1197509765625 4021.24755859375
3 4 8 9 -3466.163818359375 618.7247314453125
3 4 9 10 -5056.88818359375 -2636.496337890625
3 4 9 6 1514.0540771484375 3957.097900390625
3 4 9 7 229.76023864746094 3674.609130859375
3 4 9 8 -2716.242919921875 2467.57373046875
3 4 9 9 -4175.462890625 -494.39617919921875
3 5 18 18 -2753.218017578125 -426.3490905761719
3 5 19 17 -2891.3115234375 753.4588623046875
3 5 19 18 -2985.84619140625 -948.8946533203125
3 5 20 17 -1297.7685546875 708.15771484375
3 5 20 18 -2754.26904296875 179.7051544189453
3 5 26 24 -2343.954345703125 -887.0027465820312
3 5 26 25 -3659.0888671875 -1241.85595703125
3 5 26 26 -4761.57763671875 -1657.3753662109375
3 5 27 24 -1791.892578125 -258.7630310058594
3 5 27 25 -2302.573486328125 -699.2974853515625
3 5 27 26 -2928.215576171875 -983.85009765625
3 5 28 22 -315.8297424316406 1924.7327880859375
3 5 28 23 -1440.1995849609375 1231.79833984375
3 5 28 24 -2062.697265625 -92.5090103149414
3 5 28 25 -2503.41357421875 -812.5325927734375
3 5 28 26 -2922.24560546875 -1265.5731201171875
3 5 29 22 454.8793029785156 2531.738525390625
3 5 29 23 -333.2899169921875 2046.966796875
3 5 29 24 -1099.6661376953125 1191.6710205078125
3 5 29 25 -2202.5478515625 -40.37538146972656
3 5 29 26 -2780.679443359375 -45.279396057128906
3 5 29 27 -3349.6494140625 -983.0785522460938
3 5 30 24 -739.982421875 2798.682861328125
3 5 30 25 -1025.896728515625 1576.5745849609375
3 5 30 26 -1816.4774169921875 386.5238037109375
3 5 30 27 -2046.0406494140625 10.692521095275879
3 5 31 25 -822.8129272460938 1523.3829345703125
3 6 39 36 -2747.14306640625 -866.3241577148438
3 6 39 37 -2812.169189453125 -1601.2142333984375
3 6 40 35 -1297.7685546875 393.8280944824219
3 6 40 36 -2214.84130859375 304.40264892578125
3 6 40 37 -2813.502197265625 -1073.0322265625
3 6 56 50 -2476.551513671875 -1132.35595703125
3 6 56 51 -2326.93115234375 -1069.353515625
3 6 56 52 -2922.24560546875 -1414.8544921875
3 6 56 53 -2802.960205078125 -1571.560546875
3 6 57 50 -2450.51171875 -791.875732421875
3 6 57 51 -2591.517333984375 -914.3014526367188
3 6 57 52 -2303.957763671875 -1218.503173828125
3 6 57 53 -2863.55419921875 -1501.20849609375
3 6 58 48 -1180.4925537109375 589.6675415039062
3 6 58 49 -1168.1678466796875 -136.9676055908203
3 6 58 50 -1814.5594482421875 -279.1463317871094
3 6 58 51 -2276.9091796875 -248.2154541015625
3 6 58 52 -2215.47412109375 -239.08651733398438
3 6 58 53 -2942.547119140625 -636.7545776367188
3 6 58 54 -2898.968994140625 -1725.4412841796875
3 6 59 48 -982.10302734375 1172.51171875
3 6 59 49 -1065.3355712890625 188.92474365234375
3 6 59 50 -1540.7235107421875 -302.948974609375
3 6 59 51 -1374.306640625 29.669015884399414
3 6 59 52 -1274.817626953125 -1.0621511936187744
3 6 59 53 -1940.709716796875 -649.7980346679688
3 6 59 54 -2490.369384765625 -842.6874389648438
3 6 60 48 -70.48653411865234 2756.19580078125
3 6 60 49 -747.8074951171875 798.2262573242188
3 6 60 50 -991.9341430664062 718.0767822265625
3 6 60 51 -1084.248779296875 583.5789794921875
3 6 60 52 -1158.166748046875 361.4294128417969
3 6 60 53 -1860.6456298828125 -205.22659301757812
3 6 61 50 -111.75479125976562 1576.5745849609375
3 6 61 51 -836.2044067382812 681.6595458984375
3 7 120 104 -936.0399780273438 -36.641944885253906
3 7 120 105 -1236.8763427734375 -296.45538330078125
3 7 120 106 -1887.05224609375 -874.0687866210938
3 7 121 104 -977.1932983398438 361.4294128417969
3 7 79 73 -2223.60107421875 -1127.2989501953125
3 7 79 74 -2508.62744140625 -1580.44580078125
3 7 80 71 -1286.9639892578125 534.6806640625
3 7 80 72 -1557.0606689453125 411.3864440917969
3 7 80 73 -2327.174072265625 -804.3862915039062
3 7 80 74 -2706.461669921875 -1519.20166015625
3 7 81 72 -839.2708129882812 278.10546875
3 7 81 73 -1920.062744140625 -100.98639678955078
3 7 81 74 -2580.258056640625 -1131.744384765625
3 8 158 148 -2554.932373046875 -1875.172607421875
3 8 159 147 -2157.7373046875 -1319.594482421875
3 8 159 148 -2260.104736328125 -1511.0484619140625
3 8 160 146 -2118.042236328125 -1003.3497314453125
3 8 160 147 -2398.134521484375 -1443.123046875
3 8 160 148 -2013.4173583984375 -1430.409423828125
3 8 161 144 -617.28515625 411.3864440917969
3 8 161 145 -1135.81787109375 5.950586318969727
3 8 161 146 -1982.127685546875 -838.550537109375
3 8 161 147 -2374.775634765625 -1185.4390869140625
3 8 161 148 -2217.6630859375 -1556.107177734375
3 8 162 145 -874.6478881835938 1.9636058807373047
3 8 162 146 -1216.9271240234375 -200.7842254638672
3 8 162 147 -1920.062744140625 -737.89208984375
3 8 162 148 -2294.091064453125 -1349.8486328125
3 8 163 147 -1671.1815185546875 -499.8251647949219
3 8 163 148 -2299.80859375 -1054.9171142578125
3 9 319 295 -1966.035400390625 -1513.89404296875
3 9 319 296 -2116.00439453125 -1554.4786376953125
3 9 320 294 -2099.06640625 -1443.123046875
3 9 320 295 -1930.50830078125 -1537.837890625
3 9 320 296 -1919.2271728515625 -1408.095458984375
3 9 321 292 -1780.300048828125 -991.1414794921875
3 9 321 293 -2151.298828125 -1527.9078369140625
3 9 321 294 -2398.134521484375 -1751.8341064453125
3 9 321 295 -2374.85009765625 -1659.671142578125
3 9 321 296 -2016.251708984375 -1402.0478515625
3 9 322 291 -1144.9522705078125 -267.4047546386719
3 9 322 292 -1671.3494873046875 -819.6495971679688
3 9 322 293 -2014.3988037109375 -1125.29736328125
3 9 322 294 -2374.775634765625 -1457.2239990234375
3 9 322 295 -2358.76904296875 -1738.6962890625
3 9 322 296 -2217.44091796875 -1538.123046875
3 9 323 290 -477.5810241699219 46.31601333618164
3 9 323 291 -955.9776611328125 -223.9956512451172
3 9 323 292 -1274.524658203125 -824.6091918945312
3 9 323 293 -1672.4820556640625 -940.885498046875
3 9 323 294 -1839.06787109375 -1147.110595703125
3 9 323 295 -2073.811767578125 -1516.5452880859375
3 9 323 296 -2162.914306640625 -1581.52734375
3 9 324 291 -896.2904663085938 -78.85906982421875
3 9 324 292 -1051.0284423828125 -431.97100830078125
3 9 324 293 -1236.3375244140625 -540.1676025390625
3 9 324 294 -1872.662841796875 -840.4590454101562
3 9 324 295 -1946.082275390625 -1392.8387451171875
3 9 324 296 -2093.67431640625 -1625.3201904296875
3 9 324 297 -2229.216552734375 -1828.936767578125
3 9 325 293 -994.304443359375 -546.8572387695312
3 9 325 294 -1438.9891357421875 -737.89208984375
3 9 325 295 -1652.9051513671875 -1050.218505859375
3 9 325 296 -2096.977783203125 -1304.2423095703125
3 9 325 297 -2334.121337890625 -1694.579833984375
3 9 326 295 -1691.1680908203125 -973.1040649414062
3 9 326 296 -1874.3707275390625 -1327.5753173828125
4 0 0 0 -5711.0693359375 4298.85009765625
5 0 0 0 -5876.7734375 5542.94287109375
5 1 0 0 -4875.10595703125 3496.377685546875
5 2 0 0 -1473.2103271484375 3892.00537109375
5 2 1 0 -685.8955688476562 3729.025146484375
5 3 1 0 -1192.2225341796875 3181.022705078125
5 4 1 0 -1517.935302734375 988.5914916992188
5 4 1 1 -1183.9757080078125 1708.1317138671875
5 4 2 0 -1476.767822265625 2350.349609375
5 4 2 1 -937.19921875 1226.6158447265625
5 4 3 0 253.68067932128906 2609.410400390625
5 4 3 1 -459.0671691894531 3243.59130859375
