# IPRT polarized radiative transfer model intercomparison, Phase A, case A4's optical
# properties: prolate spheroids of a log-normal size distribution at 350 nm, single-scattering
# albedo 0.787581, asymmetry parameter 0.83835 (the file's first Legendre moment, 2.51505,
# over 3). The phase matrix P1-P6 at every scattering angle, reformatted as one row per angle
# in ascending order, the values as printed; the Legendre moments are not kept. P is
# [[P1, P2, 0, 0], [P2, P5, 0, 0], [0, 0, P3, P4], [0, 0, -P4, P6]], normalised so that P1
# averages 1 over the sphere.
# Source: https://www.libradtran.org/iprt/lib/exe/fetch.php?media=intercomparisons:phase_a:sizedistr_spheroid.dat
# (SHA-256 5e02e1fc248e49f96499bcaca87953fad605634b42942e750a9003f4498ca7c5), fetched 2026-10-09.
# Licensed under CC BY-SA 3.0 (https://creativecommons.org/licenses/by-sa/3.0/), as the IPRT
# wiki's content is; this adapted file is offered under the same licence (README.md).
# theta_deg P1 P2 P3 P4 P5 P6
0.00 557.186 2.5256e-10 557.013 -2.32611e-12 557.013 556.843
0.10 553.538 -0.000941551 553.366 -0.000170127 553.366 553.195
0.20 543.273 -0.00370174 543.1 -0.00067976 543.1 542.93
0.30 528.008 -0.00811741 527.836 -0.00152656 527.836 527.666
0.40 509.504 -0.0139744 509.332 -0.00270672 509.332 509.162
0.50 489.158 -0.0210488 488.986 -0.00421499 488.986 488.818
0.60 467.951 -0.0291271 467.779 -0.0060448 467.779 467.611
0.70 446.549 -0.0380156 446.379 -0.00818837 446.379 446.211
0.80 425.402 -0.047543 425.232 -0.0106368 425.232 425.065
0.90 404.801 -0.0575606 404.632 -0.0133804 404.632 404.466
1.00 384.928 -0.0679403 384.76 -0.0164086 384.76 384.595
1.10 365.891 -0.0785724 365.723 -0.0197103 365.723 365.559
1.20 347.743 -0.0893632 347.576 -0.0232741 347.576 347.413
1.30 330.503 -0.100232 330.337 -0.0270884 330.337 330.176
1.40 314.167 -0.111111 314.002 -0.0311417 314.002 313.843
1.50 298.715 -0.12194 298.551 -0.0354227 298.551 298.393
1.60 284.117 -0.132668 283.954 -0.0399204 283.954 283.797
1.70 270.335 -0.143252 270.174 -0.0446246 270.174 270.019
1.80 257.331 -0.153653 257.171 -0.0495257 257.171 257.017
1.90 245.063 -0.163836 244.904 -0.054615 244.903 244.752
2.00 233.489 -0.173773 233.331 -0.0598848 233.331 233.181
2.10 222.569 -0.183436 222.412 -0.0653286 222.412 222.265
2.20 212.263 -0.192803 212.108 -0.0709409 212.108 211.962
2.30 202.534 -0.201853 202.381 -0.0767176 202.381 202.237
2.40 193.347 -0.210567 193.195 -0.0826556 193.194 193.053
2.50 184.667 -0.218928 184.516 -0.0887531 184.516 184.377
2.60 176.462 -0.226923 176.313 -0.0950095 176.313 176.176
2.70 168.704 -0.234538 168.556 -0.101425 168.556 168.421
2.80 161.364 -0.241761 161.218 -0.108001 161.217 161.085
2.90 154.415 -0.248583 154.27 -0.114741 154.27 154.14
3.00 147.834 -0.254996 147.691 -0.121645 147.69 147.562
3.10 141.598 -0.260992 141.456 -0.128719 141.456 141.33
3.20 135.685 -0.266566 135.545 -0.135966 135.544 135.421
3.30 130.076 -0.271714 129.938 -0.14339 129.937 129.816
3.40 124.753 -0.276432 124.616 -0.150994 124.615 124.497
3.50 119.698 -0.28072 119.563 -0.158783 119.562 119.446
3.60 114.896 -0.284579 114.762 -0.166759 114.761 114.647
3.70 110.331 -0.288009 110.199 -0.174924 110.198 110.086
3.80 105.991 -0.291014 105.86 -0.183281 105.859 105.75
3.90 101.862 -0.293598 101.732 -0.191829 101.731 101.624
4.00 97.9311 -0.295768 97.8026 -0.200567 97.8019 97.6971
4.10 94.1884 -0.29753 94.0612 -0.209494 94.0605 93.9579
4.20 90.623 -0.298893 90.497 -0.218605 90.4964 90.396
4.30 87.2249 -0.299867 87.1001 -0.227894 87.0996 87.0014
4.40 83.985 -0.300462 83.8614 -0.237355 83.8609 83.7649
4.50 80.8947 -0.300692 80.7722 -0.246977 80.7718 80.678
4.60 77.9458 -0.300569 77.8244 -0.25675 77.8241 77.7323
4.70 75.1309 -0.300107 75.0104 -0.266661 75.0102 74.9206
4.80 72.4426 -0.299322 72.3231 -0.276695 72.3231 72.2355
4.90 69.8745 -0.298229 69.7559 -0.286834 69.756 69.6704
5.00 67.4202 -0.296844 67.3024 -0.297061 67.3027 67.219
5.10 65.0738 -0.295186 64.9569 -0.307355 64.9573 64.8755
5.20 62.8298 -0.293271 62.7136 -0.317694 62.7143 62.6344
5.30 60.6831 -0.291118 60.5675 -0.328055 60.5684 60.4903
5.40 58.6285 -0.288744 58.5136 -0.338415 58.5148 58.4384
5.50 56.6616 -0.286169 56.5472 -0.348748 56.5487 56.474
5.60 54.7779 -0.283409 54.6641 -0.359028 54.6659 54.5928
5.70 52.9734 -0.280483 52.86 -0.369227 52.8621 52.7907
5.80 51.2442 -0.27741 51.1312 -0.379321 51.1336 51.0638
5.90 49.5865 -0.274206 49.4738 -0.38928 49.4767 49.4083
6.00 47.9969 -0.270889 47.8845 -0.399079 47.8877 47.8209
6.10 46.4722 -0.267476 46.36 -0.40869 46.3637 46.2982
6.20 45.0092 -0.263981 44.8972 -0.418088 44.9013 44.8372
6.30 43.6051 -0.260422 43.4932 -0.427247 43.4978 43.435
6.40 42.2571 -0.256812 42.1452 -0.436143 42.1503 42.0888
6.50 40.9625 -0.253166 40.8506 -0.444752 40.8563 40.796
6.60 39.719 -0.249495 39.607 -0.453054 39.6133 39.5541
6.70 38.5241 -0.245814 38.4121 -0.461027 38.4189 38.3608
6.80 37.3758 -0.242133 37.2636 -0.468653 37.2709 37.214
6.90 36.2718 -0.238463 36.1594 -0.475914 36.1674 36.1115
7.00 35.2102 -0.234813 35.0976 -0.482796 35.1062 35.0513
7.10 34.1892 -0.231191 34.0763 -0.489284 34.0855 34.0316
7.20 33.2068 -0.227607 33.0936 -0.495368 33.1035 33.0505
7.30 32.2615 -0.224066 32.1479 -0.501038 32.1585 32.1064
7.40 31.3516 -0.220575 31.2376 -0.506286 31.2489 31.1977
7.50 30.4755 -0.217139 30.3612 -0.511107 30.3732 30.3228
7.60 29.6319 -0.213763 29.5171 -0.515496 29.5298 29.4802
7.70 28.8194 -0.210451 28.7041 -0.519452 28.7175 28.6687
7.80 28.0365 -0.207206 27.9207 -0.522975 27.9349 27.8868
7.90 27.2822 -0.20403 27.1658 -0.526065 27.1807 27.1333
8.00 26.555 -0.200926 26.4381 -0.528725 26.4538 26.407
8.10 25.8541 -0.197895 25.7365 -0.53096 25.7529 25.7069
8.20 25.1782 -0.194939 25.06 -0.532775 25.0772 25.0317
8.30 24.5263 -0.192058 24.4075 -0.534178 24.4255 24.3806
8.40 23.8975 -0.189253 23.7781 -0.535176 23.7968 23.7526
8.50 23.2909 -0.186525 23.1707 -0.535778 23.1902 23.1465
8.60 22.7054 -0.183872 22.5845 -0.535993 22.6048 22.5617
8.70 22.1403 -0.181295 22.0187 -0.535833 22.0398 21.9972
8.80 21.5947 -0.178793 21.4725 -0.535307 21.4943 21.4523
8.90 21.068 -0.176367 20.9449 -0.534428 20.9676 20.926
9.00 20.5593 -0.174014 20.4355 -0.533208 20.4589 20.4178
9.10 20.0679 -0.171736 19.9433 -0.531658 19.9675 19.9269
9.20 19.5931 -0.16953 19.4678 -0.529792 19.4927 19.4526
9.30 19.1343 -0.167397 19.0082 -0.527621 19.034 18.9943
9.40 18.6909 -0.165334 18.564 -0.525158 18.5905 18.5513
9.50 18.2622 -0.163342 18.1346 -0.522415 18.1618 18.1231
9.60 17.8477 -0.161419 17.7193 -0.519406 17.7473 17.709
9.70 17.4469 -0.159564 17.3176 -0.516143 17.3463 17.3085
9.80 17.0591 -0.157776 16.929 -0.512637 16.9585 16.921
9.90 16.6839 -0.156055 16.553 -0.508902 16.5833 16.5462
10.00 16.3209 -0.154399 16.1892 -0.504949 16.2201 16.1835
10.10 15.973 -0.152834 15.8406 -0.500791 15.8722 15.836
10.20 15.6345 -0.151317 15.5012 -0.496438 15.5335 15.4977
10.30 15.3049 -0.149849 15.1708 -0.491903 15.2039 15.1684
10.40 14.984 -0.148429 14.8492 -0.487197 14.8829 14.8479
10.50 14.6716 -0.147055 14.536 -0.482331 14.5704 14.5358
10.60 14.3744 -0.145782 14.238 -0.477316 14.2731 14.2389
10.70 14.0852 -0.144554 13.948 -0.472163 13.9837 13.9499
10.80 13.8037 -0.143372 13.6658 -0.466883 13.7021 13.6687
10.90 13.5297 -0.142233 13.391 -0.461487 13.4279 13.395
11.00 13.263 -0.141137 13.1236 -0.455985 13.1611 13.1285
11.10 13.0079 -0.140117 12.8678 -0.450387 12.9059 12.8737
11.20 12.7597 -0.139138 12.6188 -0.444704 12.6575 12.6258
11.30 12.5182 -0.138197 12.3766 -0.438946 12.4158 12.3845
11.40 12.2831 -0.137294 12.1408 -0.433122 12.1805 12.1496
11.50 12.0543 -0.136426 11.9112 -0.427243 11.9515 11.9211
11.60 11.8344 -0.135609 11.6907 -0.421317 11.7315 11.7015
11.70 11.6204 -0.134823 11.4761 -0.415354 11.5174 11.4878
11.80 11.4122 -0.134068 11.2672 -0.409363 11.309 11.2798
11.90 11.2096 -0.13334 11.0639 -0.403353 11.1061 11.0774
12.00 11.0123 -0.132638 10.866 -0.397333 10.9087 10.8804
12.10 10.8221 -0.131964 10.6751 -0.391311 10.7183 10.6905
12.20 10.637 -0.131312 10.4894 -0.385295 10.5329 10.5056
12.30 10.4568 -0.130679 10.3086 -0.379292 10.3525 10.3257
12.40 10.2813 -0.130063 10.1326 -0.373309 10.1769 10.1505
12.50 10.1105 -0.129463 9.96116 -0.367355 10.0059 9.97998
12.60 9.94518 -0.128867 9.7953 -0.361434 9.84035 9.81496
12.70 9.78421 -0.128282 9.63378 -0.355554 9.67918 9.65428
12.80 9.62742 -0.127706 9.47646 -0.34972 9.52218 9.49778
12.90 9.47468 -0.127137 9.3232 -0.343937 9.36924 9.34534
13.00 9.32586 -0.126574 9.17387 -0.33821 9.2202 9.19682
13.10 9.18145 -0.125998 9.02895 -0.332543 9.07558 9.05271
13.20 9.04069 -0.125423 8.88771 -0.32694 8.9346 8.91226
13.30 8.90346 -0.12485 8.75001 -0.321405 8.79716 8.77534
13.40 8.76964 -0.124276 8.61572 -0.315941 8.66312 8.64182
13.50 8.6391 -0.1237 8.48473 -0.310549 8.53237 8.5116
13.60 8.51213 -0.1231 8.35733 -0.305233 8.40518 8.38495
13.70 8.38822 -0.122496 8.23298 -0.299994 8.28105 8.26136
13.80 8.26725 -0.121888 8.1116 -0.294834 8.15987 8.14071
13.90 8.14913 -0.121275 7.99307 -0.289754 8.04153 8.02291
14.00 8.03374 -0.120657 7.87729 -0.284754 7.92592 7.90785
14.10 7.92128 -0.120008 7.76444 -0.279835 7.81324 7.79572
14.20 7.81136 -0.119354 7.65414 -0.274997 7.7031 7.68613
14.30 7.70389 -0.118694 7.5463 -0.27024 7.59541 7.57899
14.40 7.59878 -0.118028 7.44084 -0.265564 7.49009 7.47421
14.50 7.49595 -0.117357 7.33766 -0.260968 7.38704 7.37171
14.60 7.39569 -0.116659 7.23705 -0.256452 7.28656 7.27178
14.70 7.29754 -0.115955 7.13857 -0.252015 7.18819 7.17397
14.80 7.20144 -0.115248 7.04214 -0.247656 7.09187 7.07821
14.90 7.10732 -0.114537 6.94769 -0.243375 6.99753 6.98441
15.00 7.01509 -0.113823 6.85516 -0.239169 6.90509 6.89252
15.10 6.92536 -0.113078 6.76511 -0.235039 6.81513 6.80312
15.20 6.8374 -0.112331 6.67686 -0.230983 6.72696 6.71549
15.30 6.75116 -0.111583 6.59033 -0.227 6.64051 6.62959
15.40 6.66659 -0.110834 6.50547 -0.223089 6.55572 6.54535
15.50 6.58363 -0.110086 6.42223 -0.219248 6.47255 6.46271
15.60 6.50223 -0.109338 6.34055 -0.215477 6.39094 6.38164
15.70 6.42234 -0.108592 6.2604 -0.211775 6.31084 6.30208
15.80 6.34392 -0.107848 6.18171 -0.20814 6.23221 6.22399
15.90 6.26693 -0.107107 6.10445 -0.204572 6.15501 6.14731
16.00 6.19131 -0.106369 6.02858 -0.201069 6.07918 6.07201
16.10 6.1181 -0.105611 5.95512 -0.19763 6.00577 5.99912
16.20 6.04618 -0.104857 5.88295 -0.194254 5.93365 5.92752
16.30 5.97554 -0.104108 5.81206 -0.19094 5.8628 5.85719
16.40 5.90611 -0.103363 5.7424 -0.187688 5.79318 5.78807
16.50 5.83789 -0.102624 5.67393 -0.184495 5.72475 5.72015
16.60 5.77082 -0.10189 5.60663 -0.18136 5.65748 5.65339
16.70 5.70487 -0.101162 5.54045 -0.178283 5.59134 5.58774
16.80 5.64003 -0.10044 5.47537 -0.175263 5.5263 5.52319
16.90 5.57625 -0.0997233 5.41136 -0.172297 5.46233 5.4597
17.00 5.5135 -0.0990127 5.34839 -0.169385 5.39939 5.39725
17.10 5.45293 -0.0982998 5.28759 -0.166526 5.33863 5.33696
17.20 5.39333 -0.0975927 5.22777 -0.163718 5.27885 5.27764
17.30 5.33469 -0.0968915 5.16891 -0.160959 5.22002 5.21928
17.40 5.27697 -0.096196 5.11097 -0.158249 5.16212 5.16184
17.50 5.22015 -0.095506 5.05393 -0.155585 5.10512 5.10529
17.60 5.16421 -0.0948215 4.99777 -0.152967 5.049 5.04961
17.70 5.10912 -0.0941424 4.94246 -0.150392 4.99373 4.99477
17.80 5.05485 -0.0934684 4.88798 -0.147859 4.93929 4.94077
17.90 5.00139 -0.0927995 4.83431 -0.145367 4.88566 4.88756
18.00 4.94872 -0.0921355 4.78142 -0.142913 4.83281 4.83513
18.10 4.89802 -0.0914845 4.73051 -0.140497 4.78194 4.78467
18.20 4.84806 -0.0908382 4.68034 -0.138117 4.73182 4.73495
18.30 4.79882 -0.0901965 4.63089 -0.135771 4.68242 4.68595
18.40 4.7503 -0.0895593 4.58215 -0.133457 4.63373 4.63765
18.50 4.70246 -0.0889265 4.5341 -0.131175 4.58573 4.59004
18.60 4.65529 -0.088298 4.48673 -0.128921 4.5384 4.5431
18.70 4.60878 -0.0876739 4.44001 -0.126696 4.49174 4.4968
18.80 4.56291 -0.0870541 4.39393 -0.124498 4.44571 4.45115
18.90 4.51767 -0.0864387 4.34849 -0.122326 4.40032 4.40612
19.00 4.47304 -0.0858276 4.30365 -0.120177 4.35554 4.36169
19.10 4.43005 -0.0852359 4.26046 -0.118052 4.31241 4.31891
19.20 4.38765 -0.0846487 4.21786 -0.11595 4.26986 4.27671
19.30 4.34583 -0.084066 4.17583 -0.113869 4.2279 4.23508
19.40 4.30457 -0.0834879 4.13438 -0.111807 4.1865 4.19402
19.50 4.26386 -0.0829145 4.09347 -0.109766 4.14565 4.1535
19.60 4.2237 -0.0823458 4.05311 -0.107743 4.10535 4.11352
19.70 4.18407 -0.0817819 4.01329 -0.105739 4.06559 4.07408
19.80 4.14496 -0.081223 3.97399 -0.103752 4.02635 4.03515
19.90 4.10637 -0.080669 3.9352 -0.101783 3.98763 3.99674
20.00 4.06828 -0.0801201 3.89693 -0.0998303 3.94941 3.95883
20.10 4.03157 -0.0795959 3.86003 -0.0978951 3.91258 3.92229
20.20 3.99534 -0.0790769 3.82362 -0.0959763 3.87623 3.88624
20.30 3.9596 -0.078563 3.78769 -0.0940739 3.84037 3.85067
20.40 3.92432 -0.0780541 3.75224 -0.0921877 3.80498 3.81556
20.50 3.88952 -0.0775503 3.71725 -0.0903178 3.77005 3.78092
20.60 3.85517 -0.0770515 3.68273 -0.088464 3.73559 3.74674
20.70 3.82126 -0.0765575 3.64865 -0.0866266 3.70158 3.713
20.80 3.7878 -0.0760683 3.61502 -0.0848055 3.66801 3.6797
20.90 3.75478 -0.0755838 3.58183 -0.0830009 3.63487 3.64683
21.00 3.72218 -0.0751037 3.54906 -0.081213 3.60217 3.61439
21.10 3.69059 -0.074641 3.51731 -0.0794422 3.57048 3.58296
21.20 3.65941 -0.0741823 3.48598 -0.0776885 3.53921 3.55194
21.30 3.62864 -0.0737275 3.45505 -0.0759518 3.50834 3.52132
21.40 3.59826 -0.0732761 3.42452 -0.0742323 3.47786 3.4911
21.50 3.56828 -0.0728281 3.39438 -0.0725302 3.44778 3.46127
21.60 3.53867 -0.072383 3.36462 -0.0708456 3.41809 3.43181
21.70 3.50944 -0.0719406 3.33524 -0.0691786 3.38876 3.40273
21.80 3.48057 -0.0715005 3.30624 -0.0675295 3.35981 3.37402
21.90 3.45206 -0.0710625 3.27759 -0.0658981 3.33122 3.34566
22.00 3.42391 -0.0706262 3.2493 -0.0642848 3.30299 3.31766
22.10 3.39652 -0.0702001 3.22178 -0.06269 3.27552 3.29041
22.20 3.36946 -0.0697751 3.1946 -0.0611132 3.24838 3.26351
22.30 3.34274 -0.069351 3.16775 -0.0595546 3.22159 3.23693
22.40 3.31634 -0.0689272 3.14123 -0.0580141 3.19512 3.21068
22.50 3.29026 -0.0685037 3.11503 -0.0564916 3.16897 3.18475
22.60 3.26449 -0.06808 3.08914 -0.0549872 3.14313 3.15913
22.70 3.23903 -0.0676561 3.06356 -0.0535008 3.11759 3.13381
22.80 3.21386 -0.0672316 3.03828 -0.0520324 3.09236 3.10878
22.90 3.18898 -0.0668063 3.0133 -0.0505819 3.06742 3.08405
23.00 3.16439 -0.0663801 2.98861 -0.0491491 3.04277 3.05961
23.10 3.14031 -0.0659516 2.96442 -0.0477345 3.01863 3.03567
23.20 3.11649 -0.065522 2.94052 -0.0463375 2.99477 3.01201
23.30 3.09295 -0.065091 2.91688 -0.0449579 2.97117 2.98861
23.40 3.06967 -0.0646586 2.89352 -0.0435956 2.94784 2.96548
23.50 3.04665 -0.0642248 2.87041 -0.0422505 2.92478 2.94261
23.60 3.02389 -0.0637895 2.84756 -0.0409224 2.90196 2.91998
23.70 3.00136 -0.0633528 2.82496 -0.0396111 2.8794 2.89761
23.80 2.97909 -0.0629148 2.80261 -0.0383166 2.85708 2.87548
23.90 2.95705 -0.0624753 2.7805 -0.0370386 2.83501 2.85359
24.00 2.93525 -0.0620347 2.75863 -0.035777 2.81316 2.83193
24.10 2.91387 -0.0615915 2.73718 -0.034532 2.79175 2.8107
24.20 2.89271 -0.0611473 2.71596 -0.033303 2.77056 2.78968
24.30 2.87177 -0.0607023 2.69497 -0.03209 2.74959 2.7689
24.40 2.85106 -0.0602565 2.67419 -0.0308926 2.72885 2.74832
24.50 2.83055 -0.0598101 2.65364 -0.0297108 2.70832 2.72797
24.60 2.81026 -0.0593633 2.63329 -0.0285443 2.688 2.70782
24.70 2.79018 -0.0589164 2.61316 -0.027393 2.6679 2.68788
24.80 2.77029 -0.0584694 2.59323 -0.0262567 2.648 2.66814
24.90 2.75061 -0.0580226 2.5735 -0.0251352 2.62829 2.6486
25.00 2.73113 -0.0575763 2.55397 -0.0240283 2.60879 2.62926
25.10 2.71195 -0.0571244 2.53476 -0.0229363 2.58961 2.61022
25.20 2.69296 -0.0566734 2.51574 -0.0218585 2.57061 2.59138
25.30 2.67416 -0.0562233 2.49691 -0.0207948 2.5518 2.57272
25.40 2.65555 -0.0557745 2.47826 -0.019745 2.53318 2.55425
25.50 2.63711 -0.055327 2.4598 -0.018709 2.51474 2.53595
25.60 2.61885 -0.0548811 2.44151 -0.0176864 2.49648 2.51783
25.70 2.60076 -0.054437 2.4234 -0.0166772 2.47839 2.49988
25.80 2.58285 -0.0539948 2.40546 -0.0156811 2.46048 2.4821
25.90 2.5651 -0.0535547 2.38769 -0.014698 2.44273 2.46449
26.00 2.54752 -0.0531169 2.37009 -0.0137276 2.42515 2.44704
26.10 2.5302 -0.0526748 2.35275 -0.0127699 2.40784 2.42986
26.20 2.51303 -0.0522352 2.33558 -0.0118246 2.39069 2.41283
26.30 2.49603 -0.0517983 2.31856 -0.0108913 2.3737 2.39596
26.40 2.47918 -0.0513643 2.3017 -0.00997003 2.35687 2.37924
26.50 2.46248 -0.0509332 2.28499 -0.00906042 2.34018 2.36267
26.60 2.44592 -0.0505052 2.26843 -0.00816228 2.32365 2.34625
26.70 2.42951 -0.0500803 2.25202 -0.00727542 2.30726 2.32997
26.80 2.41325 -0.0496588 2.23575 -0.00639964 2.29102 2.31383
26.90 2.39712 -0.0492406 2.21962 -0.0055347 2.27492 2.29784
27.00 2.38114 -0.0488259 2.20363 -0.00468039 2.25896 2.28197
27.10 2.36542 -0.0484129 2.18791 -0.00383665 2.24327 2.26638
27.20 2.34983 -0.0480035 2.17233 -0.00300314 2.22772 2.25092
27.30 2.33438 -0.0475979 2.15688 -0.00217965 2.2123 2.23559
27.40 2.31905 -0.047196 2.14156 -0.00136597 2.19701 2.22038
27.50 2.30385 -0.0467979 2.12637 -0.000561908 2.18185 2.2053
27.60 2.28878 -0.0464038 2.1113 0.000232736 2.16681 2.19035
27.70 2.27383 -0.0460136 2.09636 0.00101815 2.1519 2.17551
27.80 2.259 -0.0456274 2.08153 0.00179451 2.13711 2.1608
27.90 2.24428 -0.0452453 2.06683 0.00256202 2.12244 2.1462
28.00 2.22969 -0.0448672 2.05225 0.00332085 2.10789 2.13172
28.10 2.21531 -0.0444891 2.03789 0.00407112 2.09357 2.11746
28.20 2.20105 -0.0441151 2.02364 0.00481303 2.07936 2.10331
28.30 2.1869 -0.0437452 2.00951 0.00554674 2.06526 2.08927
28.40 2.17286 -0.0433795 1.99548 0.00627243 2.05127 2.07533
28.50 2.15893 -0.043018 1.98157 0.00699021 2.0374 2.06151
28.60 2.1451 -0.0426606 1.96777 0.00770024 2.02363 2.04779
28.70 2.13139 -0.0423073 1.95407 0.00840264 2.00998 2.03418
28.80 2.11778 -0.0419582 1.94048 0.00909752 1.99643 2.02068
28.90 2.10427 -0.0416131 1.927 0.00978502 1.98299 2.00727
29.00 2.09087 -0.0412721 1.91362 0.0104652 1.96964 1.99397
29.10 2.07769 -0.040935 1.90047 0.0111383 1.95654 1.98089
29.20 2.06461 -0.0406019 1.88742 0.0118043 1.94353 1.96792
29.30 2.05163 -0.0402727 1.87447 0.0124633 1.93062 1.95504
29.40 2.03875 -0.0399474 1.86162 0.0131154 1.91781 1.94225
29.50 2.02597 -0.0396258 1.84886 0.0137607 1.9051 1.92957
29.60 2.01328 -0.0393079 1.83621 0.0143992 1.89249 1.91698
29.70 2.00069 -0.0389936 1.82365 0.0150311 1.87998 1.90448
29.80 1.98819 -0.0386829 1.81118 0.0156563 1.86756 1.89207
29.90 1.97579 -0.0383756 1.79881 0.0162749 1.85523 1.87976
30.00 1.96348 -0.0380716 1.78653 0.0168871 1.843 1.86754
30.10 1.9514 -0.0377756 1.77449 0.0174929 1.83101 1.85555
30.20 1.93941 -0.0374828 1.76255 0.0180923 1.81911 1.84365
30.30 1.92751 -0.037193 1.75069 0.0186853 1.80729 1.83184
30.40 1.9157 -0.0369062 1.73892 0.019272 1.79557 1.82012
30.50 1.90398 -0.0366222 1.72723 0.0198524 1.78394 1.80848
30.60 1.89234 -0.036341 1.71564 0.0204266 1.77239 1.79692
30.70 1.88079 -0.0360625 1.70413 0.0209946 1.76093 1.78546
30.80 1.86932 -0.0357866 1.6927 0.0215564 1.74955 1.77407
30.90 1.85793 -0.0355131 1.68136 0.0221122 1.73826 1.76277
31.00 1.84663 -0.0352421 1.6701 0.0226618 1.72705 1.75155
31.10 1.8355 -0.0349735 1.65903 0.0232055 1.71602 1.7405
31.20 1.82446 -0.0347072 1.64804 0.0237432 1.70508 1.72954
31.30 1.81349 -0.0344431 1.63713 0.0242748 1.69422 1.71866
31.40 1.80261 -0.034181 1.62629 0.0248006 1.68343 1.70785
31.50 1.7918 -0.033921 1.61554 0.0253204 1.67273 1.69712
31.60 1.78106 -0.0336629 1.60486 0.0258343 1.6621 1.68646
31.70 1.77041 -0.0334068 1.59426 0.0263424 1.65154 1.67588
31.80 1.75982 -0.0331525 1.58373 0.0268447 1.64106 1.66538
31.90 1.74931 -0.0329001 1.57328 0.0273412 1.63066 1.65494
32.00 1.73888 -0.0326495 1.5629 0.0278319 1.62033 1.64458
32.10 1.7286 -0.0324011 1.55269 0.0283171 1.61017 1.63439
32.20 1.7184 -0.0321545 1.54256 0.0287966 1.60008 1.62426
32.30 1.70827 -0.0319096 1.53249 0.0292704 1.59006 1.6142
32.40 1.69821 -0.0316664 1.52249 0.0297387 1.58011 1.60422
32.50 1.68821 -0.0314249 1.51257 0.0302014 1.57023 1.5943
32.60 1.67828 -0.031185 1.50271 0.0306585 1.56042 1.58444
32.70 1.66842 -0.0309467 1.49292 0.0311102 1.55068 1.57466
32.80 1.65863 -0.0307101 1.48319 0.0315563 1.541 1.56493
32.90 1.6489 -0.0304751 1.47354 0.0319971 1.53139 1.55528
33.00 1.63924 -0.0302417 1.46394 0.0324324 1.52184 1.54569
33.10 1.62976 -0.0300169 1.45454 0.0328625 1.51249 1.53628
33.20 1.62034 -0.0297936 1.4452 0.0332873 1.50319 1.52693
33.30 1.61099 -0.0295721 1.43593 0.0337068 1.49396 1.51765
33.40 1.6017 -0.0293521 1.42671 0.0341211 1.4848 1.50843
33.50 1.59246 -0.0291338 1.41756 0.0345301 1.47569 1.49927
33.60 1.5833 -0.0289172 1.40847 0.0349339 1.46665 1.49017
33.70 1.57418 -0.0287023 1.39944 0.0353325 1.45766 1.48112
33.80 1.56513 -0.028489 1.39047 0.035726 1.44874 1.47214
33.90 1.55614 -0.0282774 1.38156 0.0361144 1.43988 1.46322
34.00 1.54721 -0.0280675 1.37271 0.0364977 1.43107 1.45436
34.10 1.53843 -0.0278647 1.36403 0.0368761 1.42243 1.44565
34.20 1.52972 -0.0276637 1.3554 0.0372495 1.41385 1.437
34.30 1.52106 -0.0274643 1.34683 0.0376178 1.40532 1.42841
34.40 1.51245 -0.0272667 1.33831 0.0379812 1.39685 1.41987
34.50 1.5039 -0.0270709 1.32985 0.0383397 1.38843 1.41139
34.60 1.49541 -0.0268768 1.32145 0.0386932 1.38007 1.40296
34.70 1.48697 -0.0266845 1.3131 0.0390418 1.37177 1.39458
34.80 1.47858 -0.026494 1.3048 0.0393855 1.36352 1.38626
34.90 1.47025 -0.0263053 1.29656 0.0397243 1.35532 1.37799
35.00 1.46196 -0.0261183 1.28838 0.0400582 1.34718 1.36978
35.10 1.45381 -0.0259341 1.28032 0.0403874 1.33916 1.36168
35.20 1.4457 -0.0257517 1.27231 0.0407118 1.33119 1.35364
35.30 1.43764 -0.0255712 1.26435 0.0410314 1.32328 1.34565
35.40 1.42963 -0.0253924 1.25644 0.0413461 1.31542 1.33771
35.50 1.42168 -0.0252154 1.24859 0.0416561 1.3076 1.32982
35.60 1.41377 -0.0250402 1.24078 0.0419612 1.29984 1.32197
35.70 1.40591 -0.0248668 1.23302 0.0422616 1.29212 1.31417
35.80 1.39809 -0.0246952 1.22531 0.0425571 1.28445 1.30642
35.90 1.39033 -0.0245253 1.21764 0.042848 1.27683 1.29872
36.00 1.38261 -0.0243572 1.21002 0.043134 1.26925 1.29106
36.10 1.375 -0.0241928 1.20253 0.0434154 1.2618 1.28352
36.20 1.36744 -0.02403 1.19508 0.0436921 1.25439 1.27603
36.30 1.35993 -0.0238689 1.18767 0.043964 1.24702 1.26858
36.40 1.35246 -0.0237094 1.18031 0.0442312 1.2397 1.26117
36.50 1.34503 -0.0235514 1.17299 0.0444937 1.23243 1.25381
36.60 1.33765 -0.0233951 1.16572 0.0447516 1.22519 1.24648
36.70 1.3303 -0.0232402 1.15848 0.0450048 1.218 1.2392
36.80 1.323 -0.0230867 1.15129 0.0452534 1.21085 1.23196
36.90 1.31574 -0.0229346 1.14414 0.0454974 1.20374 1.22476
37.00 1.30852 -0.0227838 1.13703 0.0457368 1.19667 1.2176
37.10 1.30142 -0.0226397 1.13005 0.0459718 1.18973 1.21057
37.20 1.29436 -0.0224966 1.1231 0.0462023 1.18283 1.20357
37.30 1.28734 -0.0223547 1.1162 0.0464283 1.17597 1.19661
37.40 1.28036 -0.0222139 1.10933 0.04665 1.16914 1.18969
37.50 1.27342 -0.022074 1.10251 0.0468674 1.16235 1.1828
37.60 1.26651 -0.021935 1.09572 0.0470805 1.1556 1.17596
37.70 1.25964 -0.0217968 1.08896 0.0472894 1.14889 1.16915
37.80 1.25281 -0.0216593 1.08225 0.0474942 1.14222 1.16238
37.90 1.24602 -0.0215225 1.07557 0.047695 1.13558 1.15564
38.00 1.23926 -0.0213862 1.06893 0.0478918 1.12898 1.14894
38.10 1.2326 -0.0212529 1.06239 0.0480848 1.12248 1.14234
38.20 1.22598 -0.02112 1.05588 0.0482739 1.11602 1.13578
38.30 1.21939 -0.0209875 1.04942 0.0484594 1.1096 1.12925
38.40 1.21284 -0.0208553 1.04299 0.0486413 1.10321 1.12275
38.50 1.20632 -0.0207233 1.03659 0.0488197 1.09685 1.1163
38.60 1.19984 -0.0205916 1.03023 0.0489947 1.09053 1.10987
38.70 1.19339 -0.0204599 1.0239 0.0491664 1.08425 1.10348
38.80 1.18697 -0.0203283 1.01761 0.049335 1.078 1.09712
38.90 1.18059 -0.0201968 1.01135 0.0495005 1.07178 1.0908
39.00 1.17425 -0.0200653 1.00512 0.0496631 1.0656 1.08451
39.10 1.16798 -0.019932 0.99898 0.0498228 1.0595 1.0783
39.20 1.16175 -0.0197987 0.99287 0.0499798 1.05343 1.07212
39.30 1.15555 -0.0196653 0.986794 0.0501341 1.0474 1.06598
39.40 1.14938 -0.0195319 0.980751 0.050286 1.0414 1.05987
39.50 1.14324 -0.0193984 0.974741 0.0504355 1.03543 1.05379
39.60 1.13714 -0.0192649 0.968764 0.0505828 1.0295 1.04774
39.70 1.13107 -0.0191314 0.962819 0.0507279 1.02359 1.04173
39.80 1.12503 -0.0189979 0.956907 0.0508709 1.01773 1.03575
39.90 1.11903 -0.0188644 0.951026 0.051012 1.01189 1.0298
40.00 1.11306 -0.0187311 0.945178 0.0511512 1.00608 1.02388
40.10 1.10716 -0.0185955 0.939407 0.0512886 1.00035 1.01803
40.20 1.10129 -0.0184601 0.933666 0.0514244 0.994656 1.01222
40.30 1.09545 -0.0183249 0.927958 0.0515585 0.98899 1.00644
40.40 1.08965 -0.01819 0.92228 0.0516912 0.983355 1.00069
40.50 1.08387 -0.0180556 0.916633 0.0518225 0.977751 0.994967
40.60 1.07813 -0.0179216 0.911017 0.0519524 0.972178 0.989277
40.70 1.07241 -0.0177881 0.905431 0.0520812 0.966635 0.983617
40.80 1.06673 -0.0176553 0.899875 0.0522087 0.961122 0.977987
40.90 1.06108 -0.0175232 0.89435 0.0523351 0.955639 0.972386
41.00 1.05545 -0.0173919 0.888854 0.0524604 0.950187 0.966816
41.10 1.04991 -0.0172628 0.883445 0.0525845 0.94482 0.96133
41.20 1.0444 -0.0171347 0.878065 0.0527077 0.939482 0.955873
41.30 1.03892 -0.0170076 0.872715 0.0528299 0.934174 0.950445
41.40 1.03347 -0.0168818 0.867393 0.0529512 0.928895 0.945047
41.50 1.02805 -0.0167573 0.862101 0.0530716 0.923644 0.939677
41.60 1.02266 -0.0166343 0.856838 0.0531911 0.918423 0.934336
41.70 1.01729 -0.0165127 0.851604 0.0533097 0.91323 0.929023
41.80 1.01195 -0.0163927 0.846398 0.0534275 0.908066 0.923739
41.90 1.00664 -0.0162745 0.841221 0.0535443 0.902931 0.918483
42.00 1.00136 -0.0161581 0.836072 0.0536603 0.897823 0.913256
42.10 0.996168 -0.0160459 0.831009 0.0537751 0.8928 0.908113
42.20 0.990999 -0.0159357 0.825974 0.053889 0.887805 0.902997
42.30 0.985859 -0.0158276 0.820967 0.0540019 0.882838 0.89791
42.40 0.980745 -0.0157217 0.815988 0.0541138 0.877899 0.892851
42.50 0.97566 -0.0156181 0.811037 0.0542246 0.872986 0.887819
42.60 0.970602 -0.0155168 0.806113 0.0543342 0.868102 0.882814
42.70 0.965571 -0.015418 0.801217 0.0544427 0.863245 0.877837
42.80 0.960568 -0.0153216 0.796349 0.0545498 0.858415 0.872888
42.90 0.955591 -0.0152278 0.791508 0.0546556 0.853612 0.867965
43.00 0.950642 -0.0151366 0.786695 0.05476 0.848836 0.86307
43.10 0.945766 -0.0150487 0.781957 0.0548626 0.844134 0.85825
43.20 0.940918 -0.0149635 0.777245 0.0549637 0.839458 0.853456
43.30 0.936095 -0.0148811 0.772561 0.055063 0.834809 0.848689
43.40 0.931298 -0.0148015 0.767903 0.0551605 0.830186 0.843948
43.50 0.926528 -0.0147247 0.763272 0.055256 0.825589 0.839234
43.60 0.921783 -0.0146508 0.758667 0.0553496 0.821018 0.834545
43.70 0.917064 -0.0145798 0.754087 0.055441 0.816471 0.829882
43.80 0.912369 -0.0145116 0.749533 0.0555302 0.81195 0.825245
43.90 0.9077 -0.0144463 0.745004 0.055617 0.807453 0.820632
44.00 0.903055 -0.0143839 0.740501 0.0557014 0.802982 0.816045
44.10 0.898476 -0.0143237 0.736065 0.055783 0.798575 0.811524
44.20 0.893921 -0.0142663 0.731653 0.0558619 0.794193 0.807028
44.30 0.88939 -0.0142117 0.727265 0.055938 0.789834 0.802556
44.40 0.884882 -0.0141599 0.722901 0.0560112 0.785498 0.798107
44.50 0.880397 -0.0141108 0.718561 0.0560814 0.781186 0.793682
44.60 0.875935 -0.0140645 0.714244 0.0561486 0.776896 0.78928
44.70 0.871495 -0.0140208 0.709949 0.0562125 0.772628 0.7849
44.80 0.867078 -0.0139797 0.705677 0.0562732 0.768382 0.780543
44.90 0.862681 -0.0139412 0.701427 0.0563306 0.764157 0.776208
45.00 0.858307 -0.0139051 0.697199 0.0563845 0.759954 0.771894
45.10 0.853994 -0.0138711 0.693034 0.0564347 0.755812 0.767644
45.20 0.849703 -0.0138395 0.68889 0.0564812 0.751691 0.763415
45.30 0.845432 -0.01381 0.684768 0.0565242 0.747591 0.759206
45.40 0.84118 -0.0137827 0.680665 0.0565634 0.74351 0.755018
45.50 0.836949 -0.0137574 0.676582 0.056599 0.739448 0.75085
45.60 0.832736 -0.0137339 0.67252 0.0566308 0.735406 0.746701
45.70 0.828543 -0.0137123 0.668476 0.0566587 0.731382 0.742571
45.80 0.824368 -0.0136924 0.664451 0.0566829 0.727377 0.73846
45.90 0.820212 -0.013674 0.660445 0.0567032 0.72339 0.734367
46.00 0.816074 -0.013657 0.656458 0.0567196 0.719421 0.730293
46.10 0.812003 -0.0136444 0.652537 0.0567319 0.715519 0.726287
46.20 0.807949 -0.013633 0.648635 0.0567403 0.711633 0.722298
46.30 0.803913 -0.0136227 0.64475 0.0567449 0.707765 0.718327
46.40 0.799894 -0.0136133 0.640882 0.0567456 0.703914 0.714373
46.50 0.795892 -0.0136047 0.637032 0.0567425 0.700079 0.710436
46.60 0.791907 -0.0135969 0.633199 0.0567357 0.696261 0.706516
46.70 0.787938 -0.0135896 0.629382 0.056725 0.69246 0.702612
46.80 0.783986 -0.0135828 0.625582 0.0567107 0.688674 0.698726
46.90 0.78005 -0.0135763 0.621799 0.0566928 0.684905 0.694855
47.00 0.77613 -0.01357 0.618031 0.0566712 0.681151 0.691
47.10 0.772276 -0.0135681 0.614329 0.0566458 0.677462 0.687211
47.20 0.768437 -0.0135662 0.610643 0.0566169 0.673789 0.683438
47.30 0.764615 -0.0135642 0.606972 0.0565846 0.670131 0.679681
47.40 0.760807 -0.0135619 0.603317 0.056549 0.666488 0.675939
47.50 0.757015 -0.0135593 0.599677 0.0565101 0.66286 0.672212
47.60 0.753238 -0.0135563 0.596052 0.0564681 0.659247 0.6685
47.70 0.749476 -0.0135527 0.592443 0.0564231 0.655649 0.664804
47.80 0.74573 -0.0135486 0.588848 0.056375 0.652066 0.661122
47.90 0.741998 -0.0135437 0.585269 0.0563241 0.648498 0.657455
48.00 0.73828 -0.0135381 0.581704 0.0562705 0.644944 0.653803
48.10 0.734622 -0.0135348 0.578197 0.0562139 0.641447 0.650209
48.20 0.730978 -0.0135307 0.574704 0.0561547 0.637964 0.64663
48.30 0.727348 -0.0135256 0.571226 0.0560931 0.634496 0.643065
48.40 0.723733 -0.0135196 0.567762 0.0560292 0.631042 0.639514
48.50 0.720131 -0.0135126 0.564313 0.0559631 0.627602 0.635978
48.60 0.716545 -0.0135045 0.560877 0.0558949 0.624175 0.632455
48.70 0.712971 -0.0134955 0.557455 0.0558248 0.620762 0.628946
48.80 0.709412 -0.0134854 0.554047 0.0557528 0.617364 0.625451
48.90 0.705867 -0.0134742 0.550653 0.0556791 0.613978 0.621969
49.00 0.702335 -0.013462 0.547273 0.0556039 0.610606 0.618501
49.10 0.698854 -0.0134499 0.543942 0.0555268 0.607283 0.615084
49.20 0.695387 -0.0134367 0.540624 0.0554483 0.603974 0.61168
49.30 0.691932 -0.0134226 0.537321 0.0553687 0.600677 0.60829
49.40 0.688492 -0.0134076 0.53403 0.0552878 0.597394 0.604913
49.50 0.685065 -0.0133917 0.530754 0.055206 0.594124 0.601549
49.60 0.681651 -0.013375 0.52749 0.0551232 0.590868 0.598199
49.70 0.678251 -0.0133575 0.52424 0.0550396 0.587625 0.594862
49.80 0.674865 -0.0133392 0.521003 0.0549553 0.584395 0.591538
49.90 0.671491 -0.0133204 0.51778 0.0548703 0.581177 0.588228
50.00 0.668131 -0.0133009 0.51457 0.0547848 0.577973 0.584931
50.10 0.664816 -0.0132805 0.511404 0.0546985 0.574813 0.581679
50.20 0.661514 -0.0132596 0.508252 0.0546117 0.571665 0.578441
50.30 0.658226 -0.0132384 0.505113 0.0545246 0.568531 0.575216
50.40 0.654951 -0.0132169 0.501987 0.0544372 0.565409 0.572004
50.50 0.65169 -0.0131951 0.498875 0.0543496 0.562301 0.568805
50.60 0.648441 -0.0131733 0.495776 0.0542618 0.559206 0.56562
50.70 0.645207 -0.0131514 0.492691 0.0541738 0.556125 0.562449
50.80 0.641985 -0.0131295 0.489619 0.0540856 0.553056 0.55929
50.90 0.638778 -0.0131077 0.486561 0.0539974 0.550001 0.556146
51.00 0.635583 -0.0130861 0.483516 0.053909 0.546959 0.553015
51.10 0.632432 -0.013064 0.480514 0.0538203 0.543958 0.549927
51.20 0.629294 -0.0130422 0.477525 0.0537315 0.54097 0.546853
51.30 0.62617 -0.0130208 0.474551 0.0536425 0.537996 0.543793
51.40 0.623059 -0.0129998 0.471589 0.0535535 0.535035 0.540746
51.50 0.619962 -0.0129794 0.468641 0.0534644 0.532087 0.537713
51.60 0.616878 -0.0129596 0.465707 0.0533752 0.529153 0.534694
51.70 0.613807 -0.0129403 0.462787 0.0532858 0.526232 0.531688
51.80 0.61075 -0.0129218 0.459879 0.0531963 0.523324 0.528695
51.90 0.607707 -0.012904 0.456986 0.0531065 0.520429 0.525716
52.00 0.604677 -0.012887 0.454106 0.0530166 0.517547 0.522751
52.10 0.601692 -0.0128716 0.45127 0.052926 0.514709 0.519831
52.20 0.59872 -0.0128571 0.448448 0.0528352 0.511884 0.516925
52.30 0.595761 -0.0128435 0.445639 0.0527441 0.509072 0.514032
52.40 0.592816 -0.0128308 0.442844 0.0526526 0.506273 0.511152
52.50 0.589884 -0.0128191 0.440061 0.0525607 0.503486 0.508286
52.60 0.586965 -0.0128083 0.437292 0.0524684 0.500713 0.505432
52.70 0.584058 -0.0127985 0.434536 0.0523757 0.497952 0.502592
52.80 0.581165 -0.0127897 0.431792 0.0522824 0.495204 0.499765
52.90 0.578284 -0.0127819 0.429062 0.0521886 0.492468 0.496951
53.00 0.575416 -0.0127752 0.426344 0.0520943 0.489745 0.49415
53.10 0.572594 -0.0127714 0.423671 0.051999 0.487065 0.491394
53.20 0.569784 -0.0127688 0.42101 0.0519032 0.484398 0.488651
53.30 0.566986 -0.0127671 0.418362 0.0518067 0.481743 0.48592
53.40 0.564201 -0.0127665 0.415726 0.0517095 0.4791 0.483202
53.50 0.561428 -0.0127669 0.413102 0.0516116 0.476469 0.480496
53.60 0.558667 -0.0127683 0.410491 0.051513 0.47385 0.477803
53.70 0.555918 -0.0127707 0.407891 0.0514136 0.471243 0.475122
53.80 0.553181 -0.012774 0.405304 0.0513135 0.468648 0.472453
53.90 0.550456 -0.0127783 0.402728 0.0512126 0.466064 0.469795
54.00 0.547743 -0.0127836 0.400165 0.0511109 0.463492 0.46715
54.10 0.545072 -0.0127917 0.397642 0.0510082 0.46096 0.464548
54.20 0.542414 -0.0128007 0.395132 0.0509045 0.458441 0.461957
54.30 0.539767 -0.0128106 0.392633 0.0508001 0.455932 0.459379
54.40 0.537131 -0.0128213 0.390145 0.0506948 0.453435 0.456811
54.50 0.534507 -0.0128328 0.387669 0.0505887 0.45095 0.454255
54.60 0.531894 -0.012845 0.385205 0.0504817 0.448475 0.451711
54.70 0.529293 -0.012858 0.382751 0.0503738 0.446011 0.449178
54.80 0.526703 -0.0128716 0.380309 0.050265 0.443559 0.446657
54.90 0.524124 -0.0128859 0.377877 0.0501554 0.441117 0.444147
55.00 0.521557 -0.0129008 0.375457 0.0500449 0.438687 0.441648
55.10 0.519028 -0.0129175 0.373075 0.0499332 0.436294 0.439188
55.20 0.516511 -0.0129346 0.370704 0.0498207 0.433912 0.43674
55.30 0.514005 -0.0129522 0.368344 0.0497074 0.431541 0.434303
55.40 0.51151 -0.0129703 0.365995 0.0495931 0.42918 0.431876
55.50 0.509027 -0.0129887 0.363657 0.049478 0.42683 0.429461
55.60 0.506554 -0.0130074 0.361329 0.0493621 0.424491 0.427057
55.70 0.504092 -0.0130264 0.359012 0.0492454 0.422163 0.424663
55.80 0.501641 -0.0130456 0.356705 0.0491278 0.419845 0.42228
55.90 0.499201 -0.0130651 0.354409 0.0490094 0.417537 0.419908
56.00 0.496772 -0.0130846 0.352124 0.0488903 0.41524 0.417547
56.10 0.494378 -0.0131043 0.349873 0.0487703 0.412978 0.415221
56.20 0.491995 -0.0131241 0.347633 0.0486495 0.410725 0.412906
56.30 0.489623 -0.0131439 0.345403 0.048528 0.408482 0.410602
56.40 0.487261 -0.0131636 0.343183 0.0484059 0.40625 0.408307
56.50 0.48491 -0.0131833 0.340974 0.0482832 0.404029 0.406024
56.60 0.482569 -0.0132029 0.338774 0.0481599 0.401817 0.40375
56.70 0.480239 -0.0132224 0.336584 0.048036 0.399615 0.401487
56.80 0.477919 -0.0132418 0.334405 0.0479117 0.397424 0.399234
56.90 0.47561 -0.013261 0.332235 0.0477869 0.395242 0.39699
57.00 0.473311 -0.01328 0.330075 0.0476617 0.39307 0.394757
57.10 0.471045 -0.0132981 0.327947 0.0475359 0.390929 0.392557
57.20 0.468789 -0.013316 0.325829 0.0474099 0.388799 0.390367
57.30 0.466543 -0.0133337 0.323721 0.0472836 0.386677 0.388186
57.40 0.464307 -0.0133513 0.321622 0.047157 0.384566 0.386015
57.50 0.462081 -0.0133686 0.319532 0.0470303 0.382464 0.383854
57.60 0.459865 -0.0133857 0.317452 0.0469034 0.380371 0.381703
57.70 0.457659 -0.0134026 0.315381 0.0467765 0.378289 0.379561
57.80 0.455464 -0.0134193 0.31332 0.0466494 0.376215 0.377428
57.90 0.453277 -0.0134359 0.311268 0.0465224 0.374151 0.375305
58.00 0.451101 -0.0134523 0.309225 0.0463954 0.372096 0.373192
58.10 0.448956 -0.0134675 0.307212 0.0462684 0.370071 0.371109
58.20 0.446819 -0.0134827 0.305208 0.0461414 0.368054 0.369036
58.30 0.444693 -0.0134977 0.303214 0.0460146 0.366047 0.366972
58.40 0.442577 -0.0135127 0.301228 0.0458878 0.364049 0.364917
58.50 0.44047 -0.0135277 0.299252 0.0457613 0.36206 0.362872
58.60 0.438372 -0.0135427 0.297284 0.0456349 0.36008 0.360835
58.70 0.436284 -0.0135578 0.295326 0.0455087 0.35811 0.358808
58.80 0.434206 -0.0135729 0.293376 0.0453827 0.356148 0.35679
58.90 0.432137 -0.0135882 0.291436 0.0452569 0.354195 0.354781
59.00 0.430078 -0.0136036 0.289504 0.0451313 0.352251 0.352781
59.10 0.428048 -0.0136183 0.287601 0.0450058 0.350336 0.350811
59.20 0.426028 -0.0136332 0.285708 0.0448805 0.34843 0.34885
59.30 0.424017 -0.0136483 0.283823 0.0447554 0.346532 0.346899
59.40 0.422016 -0.0136637 0.281947 0.0446305 0.344644 0.344956
59.50 0.420023 -0.0136793 0.280079 0.0445056 0.342764 0.343022
59.60 0.41804 -0.0136952 0.27822 0.044381 0.340892 0.341096
59.70 0.416066 -0.0137113 0.27637 0.0442564 0.33903 0.33918
59.80 0.414102 -0.0137278 0.274528 0.0441319 0.337176 0.337272
59.90 0.412146 -0.0137446 0.272695 0.0440075 0.335331 0.335373
60.00 0.410199 -0.0137617 0.27087 0.0438831 0.333494 0.333483
60.10 0.408283 -0.0137792 0.269075 0.0437588 0.331686 0.331623
60.20 0.406375 -0.0137971 0.267287 0.0436344 0.329886 0.329771
60.30 0.404476 -0.0138153 0.265509 0.0435101 0.328095 0.327928
60.40 0.402587 -0.0138338 0.263738 0.0433856 0.326313 0.326093
60.50 0.400705 -0.0138526 0.261975 0.0432612 0.324538 0.324266
60.60 0.398833 -0.0138718 0.260221 0.0431366 0.322772 0.322448
60.70 0.396969 -0.0138912 0.258474 0.043012 0.321014 0.320638
60.80 0.395113 -0.0139109 0.256735 0.0428873 0.319263 0.318836
60.90 0.393266 -0.0139309 0.255004 0.0427625 0.317521 0.317042
61.00 0.391428 -0.0139512 0.253281 0.0426376 0.315787 0.315256
61.10 0.389619 -0.0139725 0.251587 0.0425126 0.314081 0.313499
61.20 0.387818 -0.013994 0.2499 0.0423875 0.312383 0.31175
61.30 0.386026 -0.0140158 0.24822 0.0422623 0.310692 0.310009
61.40 0.384241 -0.0140378 0.246548 0.042137 0.30901 0.308276
61.50 0.382465 -0.01406 0.244883 0.0420116 0.307335 0.30655
61.60 0.380696 -0.0140823 0.243226 0.0418862 0.305667 0.304831
61.70 0.378935 -0.0141048 0.241576 0.0417607 0.304007 0.30312
61.80 0.377183 -0.0141275 0.239933 0.0416351 0.302354 0.301417
61.90 0.375437 -0.0141502 0.238297 0.0415095 0.300708 0.29972
62.00 0.3737 -0.0141732 0.236668 0.041384 0.29907 0.298031
62.10 0.371991 -0.014197 0.235066 0.0412585 0.297459 0.29637
62.20 0.370289 -0.0142209 0.233471 0.041133 0.295855 0.294716
62.30 0.368595 -0.0142449 0.231883 0.0410076 0.294258 0.293069
62.40 0.366909 -0.014269 0.230302 0.0408823 0.292668 0.291428
62.50 0.36523 -0.0142932 0.228727 0.0407571 0.291085 0.289796
62.60 0.363558 -0.0143174 0.22716 0.040632 0.289509 0.28817
62.70 0.361894 -0.0143417 0.225599 0.0405071 0.28794 0.286551
62.80 0.360237 -0.0143661 0.224045 0.0403824 0.286378 0.284939
62.90 0.358587 -0.0143905 0.222498 0.0402578 0.284823 0.283334
63.00 0.356945 -0.014415 0.220958 0.0401335 0.283275 0.281736
63.10 0.355329 -0.01444 0.219443 0.0400095 0.281753 0.280164
63.20 0.353721 -0.014465 0.217934 0.0398857 0.280237 0.278599
63.30 0.352119 -0.0144901 0.216433 0.0397622 0.278728 0.277041
63.40 0.350525 -0.0145152 0.214938 0.039639 0.277226 0.27549
63.50 0.348938 -0.0145404 0.21345 0.0395161 0.275731 0.273946
63.60 0.347359 -0.0145655 0.211969 0.0393934 0.274242 0.272409
63.70 0.345786 -0.0145907 0.210494 0.039271 0.27276 0.270879
63.80 0.34422 -0.0146159 0.209026 0.0391489 0.271285 0.269356
63.90 0.342662 -0.0146411 0.207565 0.0390271 0.269817 0.267839
64.00 0.341111 -0.0146663 0.20611 0.0389057 0.268355 0.26633
64.10 0.339584 -0.0146917 0.20468 0.0387846 0.266918 0.264845
64.20 0.338065 -0.014717 0.203256 0.0386638 0.265487 0.263367
64.30 0.336552 -0.0147423 0.201839 0.0385434 0.264062 0.261896
64.40 0.335046 -0.0147676 0.200429 0.0384232 0.262644 0.260432
64.50 0.333548 -0.014793 0.199025 0.0383033 0.261233 0.258974
64.60 0.332056 -0.0148183 0.197628 0.0381837 0.259828 0.257524
64.70 0.330571 -0.0148435 0.196238 0.0380643 0.25843 0.25608
64.80 0.329093 -0.0148688 0.194854 0.0379452 0.257038 0.254643
64.90 0.327621 -0.014894 0.193477 0.0378264 0.255653 0.253213
65.00 0.326156 -0.0149193 0.192106 0.0377078 0.254274 0.25179
65.10 0.324715 -0.0149441 0.190758 0.0375897 0.252917 0.250389
65.20 0.323279 -0.0149688 0.189416 0.0374717 0.251566 0.248996
65.30 0.321851 -0.0149936 0.188081 0.037354 0.250222 0.247609
65.40 0.320429 -0.0150183 0.186753 0.0372365 0.248884 0.246228
65.50 0.319013 -0.015043 0.18543 0.0371192 0.247551 0.244855
65.60 0.317603 -0.0150677 0.184114 0.0370022 0.246225 0.243487
65.70 0.316201 -0.0150924 0.182805 0.0368853 0.244905 0.242127
65.80 0.314804 -0.0151171 0.181502 0.0367686 0.243591 0.240772
65.90 0.313413 -0.0151419 0.180205 0.0366521 0.242283 0.239425
66.00 0.312029 -0.0151666 0.178914 0.0365357 0.240981 0.238083
66.10 0.310666 -0.0151905 0.177644 0.0364196 0.2397 0.236764
66.20 0.309309 -0.0152145 0.176381 0.0363037 0.238424 0.23545
66.30 0.307958 -0.0152385 0.175124 0.0361879 0.237154 0.234143
66.40 0.306613 -0.0152626 0.173872 0.0360723 0.235889 0.232842
66.50 0.305274 -0.0152868 0.172627 0.0359567 0.23463 0.231547
66.60 0.303941 -0.0153111 0.171388 0.0358411 0.233377 0.230259
66.70 0.302614 -0.0153354 0.170155 0.0357256 0.23213 0.228977
66.80 0.301292 -0.0153599 0.168928 0.0356102 0.230888 0.2277
66.90 0.299976 -0.0153846 0.167707 0.0354947 0.229651 0.22643
67.00 0.298666 -0.0154093 0.166491 0.0353792 0.22842 0.225166
67.10 0.297376 -0.0154331 0.165296 0.0352638 0.227208 0.223922
67.20 0.296092 -0.0154571 0.164107 0.0351483 0.226001 0.222684
67.30 0.294812 -0.0154812 0.162923 0.0350327 0.2248 0.221452
67.40 0.293539 -0.0155055 0.161745 0.034917 0.223604 0.220226
67.50 0.292271 -0.01553 0.160572 0.0348011 0.222413 0.219006
67.60 0.291008 -0.0155547 0.159405 0.0346849 0.221227 0.217791
67.70 0.289751 -0.0155795 0.158244 0.0345685 0.220047 0.216582
67.80 0.288499 -0.0156046 0.157088 0.0344517 0.218871 0.215379
67.90 0.287252 -0.0156298 0.155938 0.0343346 0.217701 0.214181
68.00 0.28601 -0.0156552 0.154793 0.0342172 0.216535 0.212989
68.10 0.284787 -0.0156794 0.153667 0.0340995 0.215388 0.211816
68.20 0.28357 -0.0157039 0.152546 0.0339814 0.214245 0.210649
68.30 0.282357 -0.0157284 0.151431 0.0338627 0.213108 0.209487
68.40 0.281149 -0.0157531 0.15032 0.0337436 0.211975 0.20833
68.50 0.279946 -0.0157778 0.149215 0.0336239 0.210846 0.207178
68.60 0.278748 -0.0158027 0.148115 0.0335037 0.209723 0.206031
68.70 0.277555 -0.0158276 0.147019 0.0333829 0.208604 0.20489
68.80 0.276367 -0.0158525 0.145929 0.0332615 0.20749 0.203753
68.90 0.275183 -0.0158774 0.144843 0.0331394 0.20638 0.202621
69.00 0.274004 -0.0159023 0.143762 0.0330167 0.205274 0.201494
69.10 0.272842 -0.0159258 0.142698 0.0328936 0.204186 0.200385
69.20 0.271686 -0.0159493 0.141639 0.0327698 0.203102 0.199281
69.30 0.270533 -0.0159726 0.140584 0.0326454 0.202022 0.198181
69.40 0.269385 -0.0159957 0.139534 0.0325203 0.200946 0.197085
69.50 0.268241 -0.0160187 0.138488 0.0323947 0.199875 0.195994
69.60 0.267102 -0.0160415 0.137446 0.0322684 0.198807 0.194907
69.70 0.265967 -0.0160641 0.136408 0.0321416 0.197744 0.193824
69.80 0.264836 -0.0160863 0.135374 0.0320142 0.196685 0.192746
69.90 0.263709 -0.0161083 0.134344 0.0318863 0.19563 0.191671
70.00 0.262586 -0.01613 0.133318 0.0317579 0.194579 0.190601
70.10 0.26148 -0.0161501 0.132308 0.0316293 0.193544 0.189547
70.20 0.260378 -0.0161698 0.131302 0.0315003 0.192512 0.188497
70.30 0.25928 -0.0161891 0.1303 0.0313709 0.191485 0.187451
70.40 0.258186 -0.0162081 0.129301 0.0312413 0.190461 0.186408
70.50 0.257097 -0.0162266 0.128306 0.0311114 0.189442 0.18537
70.60 0.256011 -0.0162447 0.127315 0.0309813 0.188426 0.184335
70.70 0.254929 -0.0162625 0.126327 0.0308512 0.187414 0.183303
70.80 0.253851 -0.0162798 0.125342 0.0307209 0.186405 0.182276
70.90 0.252776 -0.0162967 0.124362 0.0305907 0.185401 0.181251
71.00 0.251706 -0.0163131 0.123384 0.0304605 0.1844 0.180231
71.10 0.250652 -0.0163281 0.122422 0.0303305 0.183415 0.179226
71.20 0.249602 -0.0163427 0.121464 0.0302008 0.182434 0.178225
71.30 0.248556 -0.016357 0.120509 0.0300712 0.181456 0.177227
71.40 0.247514 -0.0163708 0.119557 0.0299419 0.180482 0.176233
71.50 0.246475 -0.0163843 0.118609 0.029813 0.179513 0.175243
71.60 0.245441 -0.0163975 0.117664 0.0296844 0.178547 0.174256
71.70 0.244411 -0.0164103 0.116723 0.0295563 0.177584 0.173273
71.80 0.243385 -0.0164229 0.115785 0.0294286 0.176626 0.172293
71.90 0.242363 -0.0164352 0.114851 0.0293014 0.175672 0.171317
72.00 0.241345 -0.0164472 0.11392 0.0291747 0.174722 0.170344
72.10 0.240342 -0.0164582 0.113004 0.0290488 0.173787 0.169387
72.20 0.239344 -0.016469 0.112092 0.0289235 0.172856 0.168434
72.30 0.23835 -0.0164796 0.111183 0.0287988 0.171929 0.167484
72.40 0.23736 -0.0164901 0.110279 0.0286747 0.171006 0.166538
72.50 0.236374 -0.0165005 0.109377 0.0285513 0.170087 0.165596
72.60 0.235393 -0.0165108 0.108479 0.0284285 0.169172 0.164657
72.70 0.234415 -0.0165211 0.107585 0.0283065 0.168261 0.163722
72.80 0.233442 -0.0165313 0.106695 0.0281851 0.167354 0.162791
72.90 0.232473 -0.0165415 0.105808 0.0280645 0.166451 0.161864
73.00 0.231508 -0.0165517 0.104925 0.0279445 0.165552 0.160941
73.10 0.230559 -0.0165613 0.104057 0.0278254 0.164669 0.160032
73.20 0.229614 -0.0165709 0.103192 0.027707 0.16379 0.159128
73.30 0.228673 -0.0165806 0.102331 0.0275892 0.162914 0.158227
73.40 0.227736 -0.0165903 0.101474 0.0274722 0.162043 0.15733
73.50 0.226804 -0.0166002 0.100621 0.0273559 0.161176 0.156437
73.60 0.225876 -0.0166102 0.0997712 0.0272403 0.160313 0.155548
73.70 0.224952 -0.0166204 0.0989252 0.0271253 0.159454 0.154663
73.80 0.224032 -0.0166307 0.0980829 0.027011 0.158599 0.153781
73.90 0.223116 -0.0166412 0.0972443 0.0268973 0.157748 0.152903
74.00 0.222205 -0.0166519 0.0964094 0.0267843 0.156901 0.152029
74.10 0.221308 -0.0166621 0.0955887 0.0266721 0.156069 0.15117
74.20 0.220415 -0.0166725 0.0947718 0.0265605 0.155241 0.150314
74.30 0.219527 -0.0166832 0.0939584 0.0264495 0.154416 0.149462
74.40 0.218643 -0.016694 0.0931487 0.0263392 0.153596 0.148613
74.50 0.217762 -0.0167051 0.0923427 0.0262295 0.15278 0.147769
74.60 0.216886 -0.0167164 0.0915403 0.0261203 0.151967 0.146928
74.70 0.216014 -0.0167279 0.0907416 0.0260118 0.151159 0.146091
74.80 0.215146 -0.0167398 0.0899464 0.0259038 0.150354 0.145257
74.90 0.214282 -0.0167518 0.0891548 0.0257964 0.149553 0.144428
75.00 0.213422 -0.0167642 0.0883668 0.0256895 0.148756 0.143601
75.10 0.212576 -0.0167761 0.0875923 0.0255834 0.147973 0.142789
75.20 0.211733 -0.0167883 0.0868214 0.0254778 0.147194 0.14198
75.30 0.210895 -0.0168009 0.086054 0.0253726 0.146419 0.141175
75.40 0.210061 -0.0168137 0.0852902 0.0252681 0.145647 0.140373
75.50 0.20923 -0.0168268 0.0845299 0.025164 0.144879 0.139575
75.60 0.208403 -0.0168403 0.0837732 0.0250604 0.144115 0.13878
75.70 0.20758 -0.016854 0.0830199 0.0249572 0.143354 0.137989
75.80 0.206761 -0.0168681 0.0822702 0.0248546 0.142597 0.137202
75.90 0.205946 -0.0168825 0.0815239 0.0247523 0.141844 0.136418
76.00 0.205134 -0.0168973 0.0807812 0.0246504 0.141094 0.135637
76.10 0.204336 -0.0169117 0.0800512 0.0245491 0.140358 0.13487
76.20 0.203541 -0.0169263 0.0793247 0.0244481 0.139625 0.134105
76.30 0.20275 -0.0169414 0.0786016 0.0243474 0.138895 0.133345
76.40 0.201962 -0.0169568 0.077882 0.024247 0.138169 0.132587
76.50 0.201178 -0.0169725 0.0771658 0.0241469 0.137447 0.131834
76.60 0.200398 -0.0169886 0.076453 0.0240471 0.136728 0.131083
76.70 0.199621 -0.017005 0.0757436 0.0239474 0.136012 0.130336
76.80 0.198847 -0.0170217 0.0750376 0.023848 0.1353 0.129592
76.90 0.198077 -0.0170387 0.074335 0.0237486 0.134591 0.128852
77.00 0.197311 -0.0170561 0.0736357 0.0236494 0.133886 0.128115
77.10 0.196557 -0.0170729 0.0729483 0.0235504 0.133193 0.12739
77.20 0.195806 -0.01709 0.0722643 0.0234514 0.132503 0.126668
77.30 0.195058 -0.0171074 0.0715834 0.0233524 0.131816 0.125949
77.40 0.194314 -0.017125 0.0709058 0.0232534 0.131133 0.125233
77.50 0.193573 -0.0171429 0.0702315 0.0231544 0.130452 0.124521
77.60 0.192835 -0.0171609 0.0695603 0.0230552 0.129775 0.123811
77.70 0.1921 -0.0171791 0.0688922 0.022956 0.129101 0.123105
77.80 0.191368 -0.0171974 0.0682272 0.0228566 0.12843 0.122401
77.90 0.19064 -0.0172158 0.0675652 0.0227571 0.127763 0.121701
78.00 0.189914 -0.0172344 0.0669063 0.0226575 0.127098 0.121004
78.10 0.1892 -0.0172521 0.0662584 0.0225577 0.126444 0.120317
78.20 0.188489 -0.0172698 0.0656135 0.0224577 0.125794 0.119633
78.30 0.18778 -0.0172876 0.0649714 0.0223575 0.125146 0.118952
78.40 0.187074 -0.0173053 0.0643322 0.0222571 0.124501 0.118274
78.50 0.186372 -0.0173229 0.0636958 0.0221565 0.123859 0.117598
78.60 0.185672 -0.0173403 0.0630621 0.0220556 0.12322 0.116925
78.70 0.184974 -0.0173577 0.0624313 0.0219546 0.122583 0.116254
78.80 0.18428 -0.0173748 0.061803 0.0218533 0.12195 0.115586
78.90 0.183588 -0.0173918 0.0611775 0.0217518 0.121319 0.114921
79.00 0.182898 -0.0174085 0.0605546 0.0216501 0.120691 0.114258
79.10 0.182219 -0.017424 0.0599418 0.0215483 0.120073 0.113604
79.20 0.181543 -0.0174393 0.0593315 0.0214464 0.119457 0.112953
79.30 0.180869 -0.0174542 0.0587238 0.0213443 0.118845 0.112305
79.40 0.180197 -0.0174688 0.0581185 0.0212422 0.118234 0.111658
79.50 0.179528 -0.0174831 0.0575158 0.0211399 0.117627 0.111014
79.60 0.178862 -0.0174969 0.0569156 0.0210376 0.117022 0.110372
79.70 0.178197 -0.0175104 0.0563178 0.0209352 0.11642 0.109733
79.80 0.177536 -0.0175234 0.0557224 0.0208328 0.11582 0.109095
79.90 0.176876 -0.017536 0.0551294 0.0207305 0.115223 0.10846
80.00 0.176219 -0.0175481 0.0545389 0.0206281 0.114629 0.107827
80.10 0.175572 -0.017559 0.0539577 0.020526 0.114044 0.107202
80.20 0.174927 -0.0175693 0.0533789 0.0204239 0.113462 0.10658
80.30 0.174284 -0.0175793 0.0528025 0.020322 0.112882 0.10596
80.40 0.173643 -0.0175887 0.0522285 0.0202203 0.112304 0.105342
80.50 0.173005 -0.0175978 0.0516569 0.0201187 0.11173 0.104726
80.60 0.172369 -0.0176063 0.0510877 0.0200173 0.111157 0.104113
80.70 0.171736 -0.0176145 0.0505209 0.0199162 0.110588 0.103501
80.80 0.171105 -0.0176221 0.0499565 0.0198153 0.110021 0.102891
80.90 0.170476 -0.0176294 0.0493946 0.0197146 0.109456 0.102283
81.00 0.169849 -0.0176362 0.0488351 0.0196143 0.108895 0.101678
81.10 0.169231 -0.0176417 0.0482844 0.0195143 0.108342 0.10108
81.20 0.168616 -0.0176468 0.0477362 0.0194146 0.107791 0.100485
81.30 0.168003 -0.0176516 0.0471904 0.0193151 0.107243 0.0998923
81.40 0.167392 -0.0176559 0.0466472 0.019216 0.106698 0.0993012
81.50 0.166783 -0.0176598 0.0461064 0.0191173 0.106156 0.0987123
81.60 0.166177 -0.0176634 0.0455681 0.0190188 0.105616 0.0981254
81.70 0.165572 -0.0176666 0.0450322 0.0189206 0.105079 0.0975405
81.80 0.164971 -0.0176694 0.0444989 0.0188228 0.104544 0.0969576
81.90 0.164371 -0.0176719 0.0439681 0.0187253 0.104012 0.0963769
82.00 0.163774 -0.017674 0.0434398 0.018628 0.103483 0.0957981
82.10 0.163185 -0.0176749 0.0429198 0.0185311 0.102962 0.0952273
82.20 0.162598 -0.0176755 0.0424024 0.0184345 0.102443 0.0946585
82.30 0.162013 -0.0176758 0.0418875 0.0183381 0.101928 0.0940917
82.40 0.16143 -0.0176757 0.041375 0.0182421 0.101415 0.0935269
82.50 0.16085 -0.0176752 0.0408651 0.0181463 0.100904 0.0929641
82.60 0.160272 -0.0176744 0.0403576 0.0180507 0.100396 0.0924033
82.70 0.159696 -0.0176732 0.0398526 0.0179554 0.0998911 0.0918444
82.80 0.159123 -0.0176717 0.03935 0.0178603 0.0993884 0.0912874
82.90 0.158551 -0.0176698 0.0388498 0.0177654 0.0988884 0.0907324
83.00 0.157982 -0.0176676 0.0383521 0.0176707 0.0983909 0.0901792
83.10 0.15742 -0.0176641 0.0378622 0.0175764 0.0979013 0.0896333
83.20 0.15686 -0.0176603 0.0373746 0.0174822 0.0974143 0.0890893
83.30 0.156303 -0.017656 0.0368894 0.0173882 0.0969297 0.0885471
83.40 0.155747 -0.0176514 0.0364066 0.0172945 0.0964478 0.0880067
83.50 0.155194 -0.0176463 0.035926 0.017201 0.0959683 0.0874681
83.60 0.154642 -0.0176408 0.0354478 0.0171077 0.0954914 0.0869311
83.70 0.154093 -0.0176348 0.0349718 0.0170147 0.0950169 0.0863959
83.80 0.153545 -0.0176284 0.034498 0.0169219 0.0945449 0.0858623
83.90 0.153 -0.0176216 0.0340264 0.0168294 0.0940755 0.0853304
84.00 0.152456 -0.0176143 0.033557 0.0167371 0.0936084 0.0848002
84.10 0.15192 -0.0176057 0.0330948 0.0166452 0.0931487 0.0842765
84.20 0.151385 -0.0175967 0.0326347 0.0165536 0.0926914 0.0837544
84.30 0.150853 -0.0175873 0.0321767 0.0164622 0.0922365 0.0832338
84.40 0.150322 -0.0175773 0.0317208 0.0163713 0.0917841 0.0827148
84.50 0.149793 -0.0175669 0.0312669 0.0162807 0.091334 0.0821973
84.60 0.149266 -0.0175559 0.0308152 0.0161905 0.0908864 0.0816812
84.70 0.148741 -0.0175445 0.0303654 0.0161007 0.0904411 0.0811666
84.80 0.148218 -0.0175326 0.0299176 0.0160113 0.0899981 0.0806534
84.90 0.147697 -0.0175203 0.0294719 0.0159224 0.0895575 0.0801417
85.00 0.147177 -0.0175075 0.0290281 0.015834 0.0891193 0.0796314
85.10 0.146664 -0.0174935 0.0285908 0.0157461 0.0886879 0.079127
85.20 0.146153 -0.017479 0.0281555 0.0156588 0.0882588 0.0786241
85.30 0.145643 -0.0174642 0.0277221 0.0155719 0.0878319 0.0781224
85.40 0.145136 -0.0174489 0.0272906 0.0154857 0.0874075 0.0776222
85.50 0.14463 -0.0174332 0.0268611 0.0154001 0.0869854 0.0771233
85.60 0.144126 -0.017417 0.0264335 0.0153151 0.0865655 0.0766258
85.70 0.143624 -0.0174005 0.0260078 0.0152307 0.086148 0.0761296
85.80 0.143123 -0.0173837 0.0255839 0.0151469 0.0857328 0.0756347
85.90 0.142624 -0.0173664 0.025162 0.0150639 0.0853198 0.0751412
86.00 0.142128 -0.0173488 0.024742 0.0149815 0.0849092 0.074649
86.10 0.141637 -0.0173303 0.024328 0.0148998 0.084505 0.0741623
86.20 0.141148 -0.0173115 0.0239159 0.0148189 0.084103 0.073677
86.30 0.14066 -0.0172924 0.0235057 0.0147386 0.0837033 0.073193
86.40 0.140175 -0.0172729 0.0230974 0.0146591 0.083306 0.0727104
86.50 0.139691 -0.0172533 0.0226909 0.0145803 0.0829109 0.0722291
86.60 0.139209 -0.0172334 0.0222864 0.0145022 0.0825182 0.0717491
86.70 0.138729 -0.0172132 0.0218837 0.0144249 0.0821277 0.0712705
86.80 0.13825 -0.0171929 0.021483 0.0143483 0.0817395 0.0707932
86.90 0.137774 -0.0171723 0.0210841 0.0142725 0.0813537 0.0703174
87.00 0.137299 -0.0171515 0.0206871 0.0141973 0.0809701 0.0698428
87.10 0.13683 -0.01713 0.0202958 0.014123 0.0805925 0.0693735
87.20 0.136363 -0.0171084 0.0199064 0.0140494 0.0802173 0.0689055
87.30 0.135897 -0.0170865 0.0195189 0.0139765 0.0798443 0.0684389
87.40 0.135433 -0.0170645 0.0191333 0.0139043 0.0794736 0.0679737
87.50 0.134972 -0.0170424 0.0187496 0.0138329 0.0791053 0.0675099
87.60 0.134511 -0.0170201 0.0183678 0.0137622 0.0787392 0.0670474
87.70 0.134053 -0.0169977 0.0179879 0.0136922 0.0783755 0.0665863
87.80 0.133597 -0.0169751 0.0176099 0.0136228 0.0780141 0.0661266
87.90 0.133142 -0.0169524 0.0172338 0.0135542 0.077655 0.0656683
88.00 0.132689 -0.0169296 0.0168596 0.0134863 0.0772982 0.0652114
88.10 0.132242 -0.0169062 0.0164907 0.0134191 0.0769471 0.0647594
88.20 0.131796 -0.0168826 0.0161237 0.0133526 0.0765982 0.0643088
88.30 0.131352 -0.0168589 0.0157586 0.0132868 0.0762517 0.0638595
88.40 0.13091 -0.0168351 0.0153954 0.0132217 0.0759075 0.0634117
88.50 0.13047 -0.0168111 0.015034 0.0131572 0.0755657 0.0629652
88.60 0.130032 -0.016787 0.0146746 0.0130934 0.0752261 0.0625202
88.70 0.129596 -0.0167628 0.0143171 0.0130303 0.0748889 0.0620765
88.80 0.129161 -0.0167384 0.0139614 0.0129679 0.0745539 0.0616342
88.90 0.128728 -0.0167139 0.0136076 0.0129061 0.0742213 0.0611934
89.00 0.128297 -0.0166893 0.0132557 0.012845 0.073891 0.0607539
89.10 0.127872 -0.0166641 0.0129087 0.0127847 0.073566 0.060319
89.20 0.127448 -0.0166388 0.0125637 0.012725 0.0732433 0.0598855
89.30 0.127025 -0.0166133 0.0122205 0.012666 0.0729229 0.0594533
89.40 0.126605 -0.0165877 0.0118792 0.0126076 0.0726048 0.0590226
89.50 0.126187 -0.016562 0.0115397 0.01255 0.072289 0.0585933
89.60 0.12577 -0.0165361 0.0112022 0.012493 0.0719755 0.0581653
89.70 0.125355 -0.0165101 0.0108665 0.0124367 0.0716643 0.0577388
89.80 0.124942 -0.0164839 0.0105326 0.0123811 0.0713553 0.0573137
89.90 0.124531 -0.0164576 0.0102007 0.0123262 0.0710486 0.05689
90.00 0.124122 -0.0164312 0.00987063 0.012272 0.0707442 0.0564677
90.10 0.123717 -0.0164044 0.00954525 0.0122185 0.0704448 0.0560497
90.20 0.123315 -0.0163775 0.00922173 0.0121657 0.0701477 0.0556331
90.30 0.122914 -0.0163504 0.00890008 0.0121136 0.0698527 0.0552179
90.40 0.122515 -0.0163232 0.00858033 0.0120621 0.0695601 0.0548041
90.50 0.122117 -0.016296 0.00826245 0.0120113 0.0692696 0.0543918
90.60 0.121722 -0.0162686 0.00794647 0.0119612 0.0689814 0.0539809
90.70 0.121328 -0.0162412 0.00763237 0.0119118 0.0686954 0.0535715
90.80 0.120936 -0.0162137 0.00732014 0.011863 0.0684116 0.0531634
90.90 0.120546 -0.0161861 0.00700982 0.0118149 0.06813 0.0527568
91.00 0.120158 -0.0161584 0.00670139 0.0117674 0.0678506 0.0523517
91.10 0.119774 -0.0161305 0.00639739 0.0117206 0.0675758 0.0519506
91.20 0.119392 -0.0161025 0.00609528 0.0116744 0.0673031 0.051551
91.30 0.119012 -0.0160745 0.00579505 0.0116287 0.0670326 0.0511528
91.40 0.118633 -0.0160464 0.00549673 0.0115837 0.0667642 0.0507561
91.50 0.118256 -0.0160183 0.0052003 0.0115392 0.066498 0.0503608
91.60 0.117881 -0.0159901 0.00490576 0.0114953 0.0662339 0.049967
91.70 0.117507 -0.0159619 0.00461312 0.0114519 0.0659718 0.0495747
91.80 0.117136 -0.0159337 0.00432233 0.011409 0.0657118 0.0491838
91.90 0.116766 -0.0159054 0.00403345 0.0113666 0.065454 0.0487944
92.00 0.116397 -0.0158771 0.00374644 0.0113247 0.0651981 0.0484064
92.10 0.116033 -0.0158486 0.00346359 0.0112832 0.0649465 0.0480223
92.20 0.11567 -0.01582 0.00318261 0.0112422 0.064697 0.0476396
92.30 0.115309 -0.0157914 0.00290346 0.0112016 0.0644494 0.0472583
92.40 0.11495 -0.0157628 0.00262618 0.0111613 0.0642039 0.0468785
92.50 0.114592 -0.0157341 0.00235075 0.0111215 0.0639603 0.0465002
92.60 0.114236 -0.0157053 0.00207715 0.0110819 0.0637187 0.0461233
92.70 0.113881 -0.0156764 0.00180537 0.0110427 0.0634791 0.0457478
92.80 0.113528 -0.0156474 0.00153538 0.0110038 0.0632414 0.0453737
92.90 0.113177 -0.0156183 0.00126721 0.0109652 0.0630056 0.045001
93.00 0.112827 -0.0155891 0.00100083 0.0109269 0.0627718 0.0446298
93.10 0.112481 -0.0155597 0.000738281 0.0108889 0.0625419 0.0442621
93.20 0.112137 -0.0155301 0.000477497 0.0108511 0.0623138 0.0438959
93.30 0.111794 -0.0155004 0.00021844 0.0108135 0.0620877 0.043531
93.40 0.111453 -0.0154704 -3.88603e-05 0.0107762 0.0618634 0.0431674
93.50 0.111113 -0.0154402 -0.000294439 0.0107391 0.061641 0.0428053
93.60 0.110775 -0.0154098 -0.000548309 0.0107022 0.0614205 0.0424446
93.70 0.110439 -0.0153792 -0.000800486 0.0106655 0.0612018 0.0420851
93.80 0.110104 -0.0153483 -0.001051 0.0106291 0.0609849 0.0417271
93.90 0.10977 -0.0153171 -0.00129983 0.0105928 0.0607699 0.0413704
94.00 0.109439 -0.0152856 -0.001547 0.0105567 0.0605567 0.041015
94.10 0.10911 -0.0152538 -0.00179068 0.0105209 0.0603472 0.0406629
94.20 0.108783 -0.0152216 -0.00203273 0.0104853 0.0601395 0.0403122
94.30 0.108458 -0.0151891 -0.00227318 0.01045 0.0599335 0.0399627
94.40 0.108135 -0.0151561 -0.002512 0.0104149 0.0597294 0.0396146
94.50 0.107813 -0.0151228 -0.00274923 0.01038 0.0595271 0.0392678
94.60 0.107492 -0.0150891 -0.00298487 0.0103454 0.0593267 0.0389224
94.70 0.107173 -0.015055 -0.00321893 0.0103111 0.059128 0.0385782
94.80 0.106856 -0.0150204 -0.00345144 0.0102771 0.0589311 0.0382353
94.90 0.10654 -0.0149853 -0.00368236 0.0102434 0.058736 0.0378938
95.00 0.106226 -0.0149498 -0.00391173 0.01021 0.0585428 0.0375536
95.10 0.105915 -0.014914 -0.00413788 0.0101771 0.0583529 0.0372165
95.20 0.105606 -0.0148776 -0.00436248 0.0101444 0.0581648 0.0368808
95.30 0.105299 -0.0148407 -0.00458555 0.0101122 0.0579785 0.0365463
95.40 0.104993 -0.0148034 -0.00480707 0.0100804 0.057794 0.0362132
95.50 0.104689 -0.0147656 -0.00502704 0.010049 0.0576113 0.0358814
95.60 0.104386 -0.0147272 -0.00524549 0.010018 0.0574304 0.035551
95.70 0.104085 -0.0146884 -0.00546239 0.00998754 0.0572513 0.0352219
95.80 0.103786 -0.0146491 -0.00567778 0.00995754 0.0570739 0.0348942
95.90 0.103488 -0.0146094 -0.00589161 0.00992803 0.0568983 0.0345679
96.00 0.103192 -0.0145691 -0.00610391 0.00989904 0.0567245 0.034243
96.10 0.102899 -0.0145286 -0.00631318 0.0098706 0.0565539 0.033921
96.20 0.102608 -0.0144875 -0.00652091 0.00984271 0.0563851 0.0336005
96.30 0.102319 -0.0144461 -0.00672711 0.00981536 0.056218 0.0332814
96.40 0.102031 -0.0144042 -0.00693176 0.00978858 0.0560526 0.0329637
96.50 0.101745 -0.0143618 -0.00713487 0.00976237 0.055889 0.0326474
96.60 0.10146 -0.0143191 -0.00733644 0.00973673 0.055727 0.0323326
96.70 0.101177 -0.014276 -0.00753646 0.00971168 0.0555668 0.0320192
96.80 0.100896 -0.0142324 -0.00773496 0.00968721 0.0554083 0.0317073
96.90 0.100617 -0.0141886 -0.00793189 0.00966332 0.0552514 0.0313969
97.00 0.100339 -0.0141443 -0.00812729 0.00964001 0.0550962 0.0310879
97.10 0.100064 -0.0141 -0.00831978 0.0096173 0.054944 0.0307819
97.20 0.0997904 -0.0140553 -0.00851074 0.00959516 0.0547934 0.0304774
97.30 0.0995187 -0.0140104 -0.00870017 0.00957358 0.0546443 0.0301744
97.40 0.0992486 -0.0139651 -0.00888806 0.00955255 0.0544969 0.0298729
97.50 0.0989801 -0.0139196 -0.00907442 0.00953207 0.0543511 0.0295729
97.60 0.0987131 -0.0138739 -0.00925926 0.00951211 0.0542067 0.0292744
97.70 0.0984476 -0.0138279 -0.00944258 0.00949267 0.054064 0.0289774
97.80 0.0981837 -0.0137817 -0.00962441 0.00947373 0.0539227 0.0286819
97.90 0.0979213 -0.0137354 -0.00980473 0.00945526 0.0537828 0.028388
98.00 0.0976603 -0.0136888 -0.00998356 0.00943726 0.0536445 0.0280955
98.10 0.0974023 -0.0136423 -0.0101597 0.00941972 0.0535087 0.027806
98.20 0.0971457 -0.0135957 -0.0103344 0.00940259 0.0533744 0.0275179
98.30 0.0968905 -0.0135489 -0.0105076 0.00938587 0.0532414 0.0272313
98.40 0.0966368 -0.013502 -0.0106794 0.00936952 0.0531098 0.0269462
98.50 0.0963845 -0.013455 -0.0108498 0.00935353 0.0529795 0.0266625
98.60 0.0961335 -0.0134079 -0.0110187 0.00933788 0.0528505 0.0263804
98.70 0.095884 -0.0133607 -0.0111863 0.00932254 0.0527228 0.0260997
98.80 0.0956357 -0.0133133 -0.0113526 0.0093075 0.0525963 0.0258205
98.90 0.0953889 -0.0132659 -0.0115175 0.00929272 0.0524711 0.0255426
99.00 0.0951433 -0.0132184 -0.0116811 0.0092782 0.052347 0.0252663
99.10 0.0949003 -0.0131711 -0.0118423 0.00926392 0.0522252 0.0249925
99.20 0.0946587 -0.0131238 -0.0120022 0.00924985 0.0521046 0.0247201
99.30 0.0944182 -0.0130763 -0.0121609 0.00923598 0.0519851 0.0244491
99.40 0.0941791 -0.0130288 -0.0123184 0.00922229 0.0518667 0.0241795
99.50 0.0939412 -0.0129812 -0.0124746 0.00920876 0.0517494 0.0239112
99.60 0.0937045 -0.0129336 -0.0126298 0.00919538 0.0516332 0.0236442
99.70 0.093469 -0.0128859 -0.0127837 0.00918214 0.051518 0.0233785
99.80 0.0932346 -0.012838 -0.0129366 0.00916902 0.0514038 0.023114
99.90 0.0930015 -0.0127902 -0.0130884 0.00915602 0.0512906 0.0228508
100.00 0.0927696 -0.0127422 -0.0132391 0.00914312 0.0511784 0.0225889
100.10 0.09254 -0.0126945 -0.0133878 0.00913034 0.0510682 0.0223293
100.20 0.0923117 -0.0126467 -0.0135355 0.00911766 0.050959 0.0220709
100.30 0.0920844 -0.0125988 -0.0136822 0.00910507 0.0508507 0.0218136
100.40 0.0918583 -0.0125508 -0.013828 0.00909257 0.0507434 0.0215575
100.50 0.0916334 -0.0125028 -0.0139728 0.00908016 0.0506369 0.0213026
100.60 0.0914095 -0.0124546 -0.0141168 0.00906784 0.0505314 0.0210487
100.70 0.0911868 -0.0124064 -0.0142599 0.00905562 0.0504268 0.0207959
100.80 0.0909653 -0.0123581 -0.0144021 0.0090435 0.0503231 0.0205442
100.90 0.0907448 -0.0123096 -0.0145435 0.00903148 0.0502203 0.0202936
101.00 0.0905255 -0.0122611 -0.0146841 0.00901957 0.0501184 0.020044
101.10 0.0903085 -0.0122129 -0.0148231 0.00900779 0.0500183 0.0197965
101.20 0.0900927 -0.0121645 -0.0149613 0.00899613 0.049919 0.0195499
101.30 0.0898779 -0.0121161 -0.0150987 0.00898461 0.0498207 0.0193044
101.40 0.0896643 -0.0120676 -0.0152355 0.00897322 0.0497232 0.0190598
101.50 0.0894518 -0.012019 -0.0153715 0.00896199 0.0496266 0.0188162
101.60 0.0892405 -0.0119704 -0.0155068 0.00895092 0.0495309 0.0185736
101.70 0.0890304 -0.0119216 -0.0156415 0.00894001 0.049436 0.0183319
101.80 0.0888214 -0.0118729 -0.0157755 0.00892929 0.049342 0.0180911
101.90 0.0886136 -0.011824 -0.0159089 0.00891875 0.0492488 0.0178513
102.00 0.0884069 -0.0117751 -0.0160416 0.00890842 0.0491566 0.0176124
102.10 0.0882026 -0.0117266 -0.016173 0.00889829 0.0490661 0.0173754
102.20 0.0879994 -0.011678 -0.0163037 0.00888839 0.0489765 0.0171393
102.30 0.0877974 -0.0116294 -0.0164338 0.0088787 0.0488877 0.0169041
102.40 0.0875967 -0.0115808 -0.0165633 0.00886925 0.0487998 0.0166698
102.50 0.0873972 -0.0115322 -0.0166922 0.00886003 0.0487128 0.0164365
102.60 0.0871989 -0.0114837 -0.0168206 0.00885105 0.0486267 0.016204
102.70 0.0870018 -0.0114351 -0.0169484 0.00884231 0.0485415 0.0159725
102.80 0.0868059 -0.0113866 -0.0170756 0.00883381 0.0484571 0.0157419
102.90 0.0866113 -0.0113381 -0.0172022 0.00882557 0.0483737 0.0155122
103.00 0.086418 -0.0112897 -0.0173283 0.00881756 0.0482911 0.0152835
103.10 0.086227 -0.0112418 -0.0174531 0.00880982 0.0482102 0.0150566
103.20 0.0860373 -0.011194 -0.0175773 0.00880231 0.0481302 0.0148306
103.30 0.0858488 -0.0111462 -0.017701 0.00879504 0.048051 0.0146055
103.40 0.0856617 -0.0110986 -0.0178241 0.00878799 0.0479728 0.0143814
103.50 0.0854758 -0.0110511 -0.0179466 0.00878118 0.0478954 0.0141583
103.60 0.0852912 -0.0110038 -0.0180686 0.00877457 0.0478189 0.0139361
103.70 0.0851079 -0.0109565 -0.01819 0.00876818 0.0477432 0.013715
103.80 0.0849259 -0.0109095 -0.0183109 0.00876197 0.0476684 0.0134948
103.90 0.0847452 -0.0108626 -0.0184312 0.00875595 0.0475944 0.0132756
104.00 0.0845659 -0.0108158 -0.0185509 0.0087501 0.0475213 0.0130574
104.10 0.0843888 -0.0107697 -0.0186695 0.0087444 0.0474498 0.012841
104.20 0.0842131 -0.0107237 -0.0187875 0.00873885 0.0473791 0.0126256
104.30 0.0840386 -0.010678 -0.0189049 0.00873341 0.0473092 0.0124113
104.40 0.0838655 -0.0106324 -0.0190218 0.00872808 0.0472401 0.012198
104.50 0.0836937 -0.010587 -0.0191381 0.00872283 0.0471718 0.0119858
104.60 0.0835232 -0.0105418 -0.0192539 0.00871766 0.0471043 0.0117746
104.70 0.083354 -0.0104969 -0.0193692 0.00871253 0.0470375 0.0115644
104.80 0.0831861 -0.0104521 -0.0194839 0.00870743 0.0469715 0.0113553
104.90 0.0830194 -0.0104075 -0.019598 0.00870234 0.0469062 0.0111473
105.00 0.0828541 -0.0103632 -0.0197117 0.00869724 0.0468416 0.0109403
105.10 0.0826911 -0.0103194 -0.0198242 0.00869212 0.0467785 0.0107352
105.20 0.0825293 -0.0102759 -0.0199362 0.00868696 0.0467161 0.0105311
105.30 0.0823687 -0.0102325 -0.0200477 0.00868173 0.0466543 0.0103281
105.40 0.0822095 -0.0101893 -0.0201588 0.00867642 0.0465932 0.0101262
105.50 0.0820515 -0.0101463 -0.0202693 0.00867101 0.0465328 0.00992539
105.60 0.0818948 -0.0101035 -0.0203793 0.00866549 0.0464729 0.00972564
105.70 0.0817393 -0.0100608 -0.0204888 0.00865984 0.0464137 0.00952697
105.80 0.081585 -0.0100182 -0.0205979 0.00865404 0.046355 0.00932936
105.90 0.081432 -0.00997584 -0.0207065 0.00864809 0.046297 0.00913284
106.00 0.0812802 -0.00993357 -0.0208147 0.00864198 0.0462395 0.0089374
106.10 0.0811305 -0.00989182 -0.0209219 0.00863569 0.0461832 0.00874371
106.20 0.080982 -0.00985018 -0.0210287 0.00862921 0.0461274 0.00855109
106.30 0.0808348 -0.00980862 -0.0211351 0.00862255 0.0460722 0.00835952
106.40 0.0806887 -0.00976715 -0.021241 0.00861569 0.0460174 0.00816902
106.50 0.0805438 -0.00972574 -0.0213466 0.00860862 0.0459632 0.00797956
106.60 0.0804002 -0.00968438 -0.0214518 0.00860136 0.0459094 0.00779115
106.70 0.0802577 -0.00964306 -0.0215566 0.00859389 0.0458561 0.00760377
106.80 0.0801163 -0.00960176 -0.0216611 0.00858622 0.0458033 0.00741741
106.90 0.0799761 -0.00956048 -0.0217652 0.00857834 0.0457509 0.00723209
107.00 0.0798372 -0.0095192 -0.021869 0.00857028 0.045699 0.00704777
107.10 0.0797002 -0.00947827 -0.0219719 0.00856203 0.0456481 0.00686513
107.20 0.0795643 -0.00943733 -0.0220746 0.0085536 0.0455976 0.00668348
107.30 0.0794296 -0.00939634 -0.0221769 0.008545 0.0455475 0.00650281
107.40 0.0792961 -0.0093553 -0.022279 0.00853624 0.0454979 0.00632313
107.50 0.0791637 -0.0093142 -0.0223808 0.00852733 0.0454487 0.00614443
107.60 0.0790325 -0.00927302 -0.0224823 0.00851829 0.0453999 0.0059667
107.70 0.0789024 -0.00923177 -0.0225835 0.00850912 0.0453515 0.00578993
107.80 0.0787734 -0.00919042 -0.0226845 0.00849984 0.0453035 0.00561409
107.90 0.0786456 -0.00914897 -0.0227852 0.00849048 0.0452559 0.00543922
108.00 0.078519 -0.00910742 -0.0228857 0.00848104 0.0452087 0.00526528
108.10 0.0783942 -0.00906607 -0.0229854 0.00847155 0.0451624 0.00509291
108.20 0.0782705 -0.00902461 -0.023085 0.00846203 0.0451166 0.00492146
108.30 0.078148 -0.00898301 -0.0231843 0.00845248 0.0450711 0.00475092
108.40 0.0780266 -0.00894129 -0.0232833 0.00844293 0.045026 0.0045813
108.50 0.0779063 -0.00889944 -0.0233822 0.0084334 0.0449814 0.00441258
108.60 0.0777872 -0.00885746 -0.0234808 0.0084239 0.0449372 0.00424475
108.70 0.0776692 -0.00881534 -0.0235792 0.00841446 0.0448933 0.00407781
108.80 0.0775523 -0.00877309 -0.0236775 0.00840508 0.0448499 0.00391174
108.90 0.0774365 -0.0087307 -0.0237755 0.0083958 0.044807 0.00374656
109.00 0.0773219 -0.00868819 -0.0238732 0.00838662 0.0447644 0.00358225
109.10 0.077209 -0.0086458 -0.0239703 0.00837757 0.0447227 0.00341946
109.20 0.0770972 -0.00860329 -0.0240672 0.00836866 0.0446813 0.00325754
109.30 0.0769865 -0.00856066 -0.0241638 0.00835989 0.0446404 0.00309646
109.40 0.0768769 -0.00851791 -0.0242603 0.00835129 0.0446 0.00293624
109.50 0.0767684 -0.00847505 -0.0243565 0.00834287 0.0445599 0.00277687
109.60 0.076661 -0.0084321 -0.0244525 0.00833463 0.0445203 0.00261835
109.70 0.0765546 -0.00838905 -0.0245483 0.00832659 0.0444811 0.00246067
109.80 0.0764494 -0.00834591 -0.0246439 0.00831875 0.0444423 0.00230381
109.90 0.0763452 -0.00830269 -0.0247393 0.00831113 0.044404 0.00214779
110.00 0.0762421 -0.0082594 -0.0248344 0.00830372 0.0443661 0.00199261
110.10 0.0761405 -0.00821627 -0.0249288 0.00829655 0.0443289 0.0018389
110.20 0.07604 -0.00817309 -0.0250229 0.0082896 0.0442921 0.00168602
110.30 0.0759404 -0.00812987 -0.0251168 0.00828288 0.0442558 0.00153394
110.40 0.0758419 -0.00808662 -0.0252105 0.00827639 0.0442198 0.00138269
110.50 0.0757444 -0.00804335 -0.025304 0.00827013 0.0441843 0.00123226
110.60 0.0756479 -0.00800006 -0.0253971 0.00826409 0.0441492 0.00108264
110.70 0.0755524 -0.00795678 -0.0254901 0.00825828 0.0441145 0.000933825
110.80 0.0754578 -0.00791351 -0.0255827 0.00825268 0.0440801 0.000785808
110.90 0.0753642 -0.00787025 -0.0256751 0.0082473 0.0440462 0.000638604
111.00 0.0752715 -0.00782703 -0.0257673 0.00824213 0.0440126 0.000492202
111.10 0.0751801 -0.00778405 -0.0258586 0.00823716 0.0439797 0.000347225
111.20 0.0750897 -0.00774113 -0.0259497 0.00823239 0.0439471 0.000203042
111.30 0.0750001 -0.00769826 -0.0260405 0.0082278 0.0439149 5.9641e-05
111.40 0.0749114 -0.00765545 -0.026131 0.00822338 0.043883 -8.29598e-05
111.50 0.0748236 -0.00761272 -0.0262212 0.00821912 0.0438515 -0.000224774
111.60 0.0747366 -0.00757008 -0.0263111 0.00821501 0.0438203 -0.000365805
111.70 0.0746504 -0.00752753 -0.0264007 0.00821105 0.0437895 -0.000506055
111.80 0.074565 -0.00748506 -0.02649 0.00820721 0.0437589 -0.00064554
111.90 0.0744804 -0.00744271 -0.0265791 0.00820348 0.0437287 -0.000784239
112.00 0.0743966 -0.00740046 -0.0266677 0.00819986 0.0436988 -0.00092217
112.10 0.074314 -0.00735857 -0.0267556 0.00819634 0.0436694 -0.00105876
112.20 0.0742321 -0.00731679 -0.0268432 0.0081929 0.0436404 -0.00119459
112.30 0.0741509 -0.00727514 -0.0269305 0.00818953 0.0436116 -0.00132967
112.40 0.0740704 -0.00723361 -0.0270174 0.00818621 0.0435831 -0.00146399
112.50 0.0739906 -0.00719222 -0.027104 0.00818292 0.0435548 -0.00159756
112.60 0.0739115 -0.00715096 -0.0271903 0.00817967 0.0435268 -0.00173039
112.70 0.0738331 -0.00710984 -0.0272762 0.00817643 0.043499 -0.00186247
112.80 0.0737553 -0.00706885 -0.0273618 0.0081732 0.0434715 -0.00199383
112.90 0.0736782 -0.007028 -0.0274471 0.00816995 0.0434443 -0.00212446
113.00 0.0736016 -0.0069873 -0.0275321 0.00816669 0.0434172 -0.00225436
113.10 0.0735261 -0.00694701 -0.0276163 0.00816342 0.0433907 -0.00238305
113.20 0.0734512 -0.00690687 -0.0277001 0.00816011 0.0433643 -0.00251104
113.30 0.0733768 -0.00686686 -0.0277837 0.00815676 0.0433382 -0.00263833
113.40 0.0733031 -0.00682699 -0.0278669 0.00815334 0.0433122 -0.00276492
113.50 0.0732298 -0.00678726 -0.0279498 0.00814986 0.0432865 -0.00289082
113.60 0.0731572 -0.00674767 -0.0280323 0.0081463 0.0432609 -0.00301606
113.70 0.073085 -0.00670822 -0.0281146 0.00814267 0.0432355 -0.00314062
113.80 0.0730134 -0.0066689 -0.0281966 0.00813894 0.0432102 -0.00326454
113.90 0.0729423 -0.00662971 -0.0282782 0.00813513 0.0431851 -0.00338781
114.00 0.0728716 -0.00659065 -0.0283596 0.00813121 0.0431602 -0.00351044
114.10 0.0728019 -0.00655204 -0.0284403 0.00812722 0.0431357 -0.00363205
114.20 0.0727327 -0.00651356 -0.0285207 0.00812311 0.0431114 -0.00375304
114.30 0.0726639 -0.00647519 -0.0286009 0.00811889 0.0430872 -0.00387344
114.40 0.0725955 -0.00643695 -0.0286808 0.00811457 0.0430631 -0.00399325
114.50 0.0725276 -0.00639882 -0.0287605 0.00811013 0.0430391 -0.00411248
114.60 0.0724602 -0.0063608 -0.0288399 0.00810557 0.0430152 -0.00423115
114.70 0.0723932 -0.00632289 -0.0289191 0.00810091 0.0429915 -0.00434928
114.80 0.0723265 -0.00628508 -0.0289981 0.00809613 0.0429678 -0.00446688
114.90 0.0722604 -0.00624737 -0.0290769 0.00809124 0.0429442 -0.00458396
115.00 0.0721946 -0.00620977 -0.0291555 0.00808625 0.0429207 -0.00470052
115.10 0.0721296 -0.00617264 -0.0292336 0.00808117 0.0428977 -0.00481631
115.20 0.0720651 -0.0061356 -0.0293116 0.008076 0.0428747 -0.00493162
115.30 0.0720009 -0.00609865 -0.0293894 0.00807074 0.0428518 -0.00504647
115.40 0.0719371 -0.00606179 -0.0294671 0.00806539 0.042829 -0.00516088
115.50 0.0718737 -0.00602502 -0.0295447 0.00805996 0.0428062 -0.00527485
115.60 0.0718107 -0.00598832 -0.0296221 0.00805447 0.0427835 -0.0053884
115.70 0.0717481 -0.00595171 -0.0296995 0.00804892 0.0427609 -0.00550156
115.80 0.0716858 -0.00591517 -0.0297768 0.00804332 0.0427383 -0.00561433
115.90 0.071624 -0.00587871 -0.029854 0.00803769 0.0427158 -0.00572672
116.00 0.0715625 -0.00584232 -0.0299311 0.00803203 0.0426933 -0.00583874
116.10 0.0715019 -0.00580645 -0.030008 0.00802639 0.0426714 -0.00595025
116.20 0.0714416 -0.00577066 -0.0300849 0.00802075 0.0426496 -0.00606142
116.30 0.0713818 -0.00573494 -0.0301617 0.00801513 0.0426278 -0.00617227
116.40 0.0713223 -0.00569929 -0.0302385 0.00800954 0.0426061 -0.0062828
116.50 0.0712633 -0.00566372 -0.0303153 0.00800401 0.0425845 -0.00639302
116.60 0.0712046 -0.00562822 -0.0303922 0.00799854 0.042563 -0.00650294
116.70 0.0711464 -0.00559281 -0.030469 0.00799316 0.0425416 -0.00661258
116.80 0.0710886 -0.00555747 -0.0305458 0.00798788 0.0425203 -0.00672195
116.90 0.0710313 -0.00552222 -0.0306227 0.00798272 0.0424992 -0.00683103
117.00 0.0709744 -0.00548705 -0.0306996 0.0079777 0.0424782 -0.00693985
117.10 0.0709184 -0.00545244 -0.0307763 0.00797285 0.0424578 -0.00704832
117.20 0.0708629 -0.00541791 -0.0308531 0.00796817 0.0424375 -0.00715653
117.30 0.0708079 -0.00538349 -0.03093 0.00796368 0.0424175 -0.00726449
117.40 0.0707533 -0.00534916 -0.0310068 0.00795939 0.0423976 -0.00737219
117.50 0.0706993 -0.00531495 -0.0310837 0.00795533 0.042378 -0.00747963
117.60 0.0706458 -0.00528085 -0.0311606 0.0079515 0.0423585 -0.00758681
117.70 0.0705928 -0.00524686 -0.0312376 0.00794791 0.0423392 -0.00769374
117.80 0.0705403 -0.00521299 -0.0313145 0.00794459 0.0423202 -0.00780042
117.90 0.0704884 -0.00517926 -0.0313915 0.00794154 0.0423014 -0.00790683
118.00 0.0704371 -0.00514566 -0.0314685 0.00793878 0.0422829 -0.00801297
118.10 0.0703868 -0.00511265 -0.0315454 0.00793633 0.0422652 -0.00811881
118.20 0.0703371 -0.0050798 -0.0316222 0.00793418 0.0422477 -0.00822437
118.30 0.0702879 -0.00504709 -0.0316991 0.00793234 0.0422306 -0.00832965
118.40 0.0702394 -0.00501454 -0.031776 0.00793081 0.0422137 -0.00843464
118.50 0.0701915 -0.00498215 -0.0318528 0.00792959 0.0421971 -0.00853932
118.60 0.0701442 -0.00494993 -0.0319296 0.00792869 0.0421809 -0.00864369
118.70 0.0700976 -0.00491789 -0.0320063 0.0079281 0.042165 -0.00874775
118.80 0.0700515 -0.00488602 -0.032083 0.00792782 0.0421494 -0.00885149
118.90 0.0700061 -0.00485433 -0.0321597 0.00792784 0.0421341 -0.00895488
119.00 0.0699614 -0.00482282 -0.0322363 0.00792816 0.0421191 -0.00905793
119.10 0.0699177 -0.00479192 -0.0323127 0.0079288 0.042105 -0.0091606
119.20 0.0698746 -0.0047612 -0.0323889 0.00792971 0.0420912 -0.00926291
119.30 0.0698321 -0.00473066 -0.0324651 0.00793088 0.0420777 -0.00936485
119.40 0.0697904 -0.00470031 -0.0325412 0.00793231 0.0420645 -0.00946638
119.50 0.0697492 -0.00467015 -0.0326172 0.00793397 0.0420516 -0.00956752
119.60 0.0697087 -0.00464016 -0.0326931 0.00793585 0.0420391 -0.00966824
119.70 0.0696688 -0.00461036 -0.0327688 0.00793793 0.0420269 -0.00976855
119.80 0.0696296 -0.00458072 -0.0328445 0.00794018 0.042015 -0.00986843
119.90 0.069591 -0.00455126 -0.0329199 0.00794259 0.0420033 -0.00996786
120.00 0.069553 -0.00452196 -0.0329953 0.00794514 0.041992 -0.0100668
120.10 0.0695158 -0.00449312 -0.0330702 0.00794783 0.0419812 -0.0101652
120.20 0.0694792 -0.00446442 -0.033145 0.0079506 0.0419706 -0.0102632
120.30 0.0694432 -0.00443585 -0.0332196 0.00795344 0.0419603 -0.0103607
120.40 0.0694078 -0.00440741 -0.0332941 0.00795632 0.0419502 -0.0104576
120.50 0.0693729 -0.00437907 -0.0333683 0.00795922 0.0419404 -0.0105541
120.60 0.0693387 -0.00435084 -0.0334425 0.00796212 0.0419308 -0.0106501
120.70 0.069305 -0.00432268 -0.0335164 0.00796498 0.0419213 -0.0107456
120.80 0.0692718 -0.0042946 -0.0335902 0.0079678 0.041912 -0.0108406
120.90 0.0692391 -0.00426656 -0.0336638 0.00797054 0.0419029 -0.0109351
121.00 0.069207 -0.00423857 -0.0337372 0.00797319 0.041894 -0.0110291
121.10 0.0691754 -0.00421079 -0.03381 0.00797574 0.0418853 -0.0111223
121.20 0.0691443 -0.00418302 -0.0338827 0.00797817 0.0418767 -0.011215
121.30 0.0691137 -0.00415524 -0.0339552 0.00798045 0.0418683 -0.0113071
121.40 0.0690836 -0.00412742 -0.0340275 0.00798256 0.04186 -0.0113988
121.50 0.0690539 -0.00409956 -0.0340996 0.0079845 0.0418518 -0.0114899
121.60 0.0690247 -0.00407163 -0.0341716 0.00798625 0.0418437 -0.0115806
121.70 0.068996 -0.00404362 -0.0342433 0.0079878 0.0418357 -0.0116707
121.80 0.0689678 -0.0040155 -0.0343149 0.00798914 0.0418278 -0.0117603
121.90 0.06894 -0.00398728 -0.0343863 0.00799027 0.04182 -0.0118493
122.00 0.0689127 -0.00395892 -0.0344576 0.00799118 0.0418123 -0.0119379
122.10 0.0688857 -0.00393061 -0.0345282 0.0079919 0.0418047 -0.0120257
122.20 0.0688592 -0.00390213 -0.0345987 0.0079924 0.0417973 -0.0121131
122.30 0.0688331 -0.00387349 -0.034669 0.00799268 0.0417899 -0.0121999
122.40 0.0688075 -0.00384466 -0.0347391 0.00799274 0.0417827 -0.0122863
122.50 0.0687823 -0.00381564 -0.034809 0.0079926 0.0417755 -0.0123722
122.60 0.0687575 -0.00378642 -0.0348787 0.00799226 0.0417685 -0.0124576
122.70 0.0687332 -0.00375698 -0.0349483 0.00799173 0.0417616 -0.0125426
122.80 0.0687093 -0.00372733 -0.0350177 0.00799101 0.0417549 -0.0126271
122.90 0.0686859 -0.00369746 -0.0350869 0.00799013 0.0417484 -0.0127113
123.00 0.0686629 -0.00366736 -0.0351559 0.00798909 0.041742 -0.0127949
123.10 0.0686403 -0.00363728 -0.0352244 0.00798793 0.0417358 -0.012878
123.20 0.0686182 -0.00360697 -0.0352928 0.00798665 0.0417299 -0.0129607
123.30 0.0685965 -0.00357643 -0.0353609 0.00798525 0.0417242 -0.013043
123.40 0.0685753 -0.00354567 -0.0354289 0.00798376 0.0417188 -0.0131249
123.50 0.0685545 -0.0035147 -0.0354967 0.00798219 0.0417136 -0.0132065
123.60 0.0685341 -0.00348351 -0.0355643 0.00798056 0.0417086 -0.0132877
123.70 0.0685143 -0.00345212 -0.0356318 0.00797889 0.0417039 -0.0133686
123.80 0.0684949 -0.00342054 -0.035699 0.0079772 0.0416995 -0.0134492
123.90 0.0684759 -0.00338877 -0.0357661 0.0079755 0.0416955 -0.0135295
124.00 0.0684574 -0.00335683 -0.035833 0.0079738 0.0416918 -0.0136095
124.10 0.0684395 -0.00332503 -0.0358995 0.00797216 0.0416886 -0.0136892
124.20 0.0684221 -0.00329309 -0.0359658 0.00797056 0.0416858 -0.0137685
124.30 0.0684051 -0.00326102 -0.0360319 0.00796902 0.0416834 -0.0138477
124.40 0.0683886 -0.00322883 -0.0360979 0.00796755 0.0416814 -0.0139266
124.50 0.0683726 -0.00319654 -0.0361637 0.00796617 0.0416799 -0.0140053
124.60 0.068357 -0.00316417 -0.0362292 0.00796488 0.0416787 -0.0140838
124.70 0.0683419 -0.00313174 -0.0362947 0.00796372 0.041678 -0.0141622
124.80 0.0683273 -0.00309925 -0.0363599 0.00796267 0.0416778 -0.0142404
124.90 0.0683131 -0.00306674 -0.036425 0.00796175 0.041678 -0.0143184
125.00 0.0682994 -0.00303422 -0.0364899 0.00796098 0.0416787 -0.0143963
125.10 0.0682865 -0.00300208 -0.0365545 0.00796037 0.0416803 -0.0144741
125.20 0.068274 -0.00296995 -0.036619 0.00795992 0.0416824 -0.0145518
125.30 0.068262 -0.00293787 -0.0366833 0.00795962 0.041685 -0.0146295
125.40 0.0682505 -0.00290585 -0.0367474 0.00795949 0.0416882 -0.014707
125.50 0.0682393 -0.0028739 -0.0368114 0.00795951 0.0416918 -0.0147845
125.60 0.0682287 -0.00284204 -0.0368753 0.0079597 0.0416961 -0.0148619
125.70 0.0682185 -0.00281029 -0.0369389 0.00796006 0.0417008 -0.0149393
125.80 0.0682088 -0.00277866 -0.0370025 0.00796057 0.0417062 -0.0150167
125.90 0.0681995 -0.00274716 -0.0370659 0.00796125 0.041712 -0.0150941
126.00 0.0681906 -0.00271581 -0.0371291 0.00796207 0.0417185 -0.0151714
126.10 0.0681826 -0.00268501 -0.0371922 0.00796307 0.0417259 -0.0152489
126.20 0.068175 -0.00265437 -0.0372552 0.0079642 0.0417339 -0.0153264
126.30 0.0681678 -0.0026239 -0.0373181 0.00796547 0.0417425 -0.0154039
126.40 0.0681611 -0.00259362 -0.0373808 0.00796687 0.0417517 -0.0154815
126.50 0.0681547 -0.00256353 -0.0374435 0.00796839 0.0417614 -0.0155591
126.60 0.0681488 -0.00253363 -0.037506 0.00797001 0.0417717 -0.0156367
126.70 0.0681434 -0.00250392 -0.0375684 0.00797173 0.0417825 -0.0157144
126.80 0.0681383 -0.00247442 -0.0376307 0.00797354 0.0417939 -0.0157921
126.90 0.0681337 -0.00244511 -0.0376929 0.00797542 0.0418058 -0.0158699
127.00 0.0681294 -0.002416 -0.037755 0.00797736 0.0418183 -0.0159477
127.10 0.068126 -0.00238746 -0.0378171 0.00797937 0.0418318 -0.0160257
127.20 0.068123 -0.00235911 -0.0378791 0.00798141 0.0418458 -0.0161038
127.30 0.0681203 -0.00233094 -0.037941 0.00798348 0.0418603 -0.016182
127.40 0.0681181 -0.00230296 -0.0380029 0.00798555 0.0418753 -0.0162602
127.50 0.0681162 -0.00227516 -0.0380646 0.00798762 0.0418909 -0.0163384
127.60 0.0681148 -0.00224753 -0.0381264 0.00798966 0.0419069 -0.0164168
127.70 0.0681138 -0.00222005 -0.0381881 0.00799167 0.0419235 -0.0164952
127.80 0.0681131 -0.00219272 -0.0382497 0.00799364 0.0419405 -0.0165736
127.90 0.0681129 -0.00216553 -0.0383114 0.00799554 0.041958 -0.0166521
128.00 0.0681131 -0.00213846 -0.038373 0.00799736 0.041976 -0.0167307
128.10 0.0681138 -0.00211178 -0.0384345 0.0079991 0.0419946 -0.0168093
128.20 0.068115 -0.00208521 -0.0384959 0.00800073 0.0420137 -0.0168879
128.30 0.0681166 -0.00205871 -0.0385574 0.00800225 0.0420332 -0.0169665
128.40 0.0681185 -0.00203229 -0.0386188 0.00800364 0.0420531 -0.0170452
128.50 0.0681208 -0.00200591 -0.0386803 0.00800488 0.0420735 -0.0171239
128.60 0.0681235 -0.00197957 -0.0387418 0.00800597 0.0420942 -0.0172027
128.70 0.0681266 -0.00195325 -0.0388033 0.00800689 0.0421152 -0.0172814
128.80 0.0681301 -0.00192693 -0.0388649 0.00800763 0.0421367 -0.0173602
128.90 0.068134 -0.00190061 -0.0389265 0.00800819 0.0421584 -0.017439
129.00 0.0681382 -0.00187424 -0.0389881 0.00800855 0.0421805 -0.0175178
129.10 0.068143 -0.00184803 -0.0390496 0.00800872 0.042203 -0.0175963
129.20 0.068148 -0.00182176 -0.039111 0.00800867 0.0422257 -0.0176749
129.30 0.0681535 -0.0017954 -0.0391726 0.00800841 0.0422488 -0.0177534
129.40 0.0681593 -0.00176894 -0.0392342 0.00800793 0.0422722 -0.017832
129.50 0.0681655 -0.00174237 -0.0392959 0.00800723 0.0422958 -0.0179105
129.60 0.0681722 -0.00171566 -0.0393577 0.0080063 0.0423196 -0.017989
129.70 0.0681791 -0.00168882 -0.0394196 0.00800515 0.0423437 -0.0180674
129.80 0.0681865 -0.00166181 -0.0394816 0.00800377 0.0423681 -0.0181458
129.90 0.0681942 -0.00163463 -0.0395437 0.00800217 0.0423927 -0.0182242
130.00 0.0682024 -0.00160727 -0.0396059 0.00800035 0.0424175 -0.0183026
130.10 0.068211 -0.00157993 -0.039668 0.00799833 0.0424426 -0.0183807
130.20 0.0682201 -0.00155239 -0.0397302 0.0079961 0.0424679 -0.0184588
130.30 0.0682295 -0.00152463 -0.0397925 0.00799367 0.0424935 -0.0185368
130.40 0.0682394 -0.00149665 -0.039855 0.00799105 0.0425193 -0.0186148
130.50 0.0682496 -0.00146842 -0.0399176 0.00798825 0.0425452 -0.0186927
130.60 0.0682602 -0.00143995 -0.0399803 0.00798529 0.0425714 -0.0187706
130.70 0.0682712 -0.00141124 -0.0400431 0.00798218 0.0425978 -0.0188484
130.80 0.0682826 -0.00138228 -0.040106 0.00797894 0.0426244 -0.0189261
130.90 0.0682945 -0.00135306 -0.0401691 0.00797558 0.0426512 -0.0190038
131.00 0.0683068 -0.00132359 -0.0402323 0.00797212 0.0426783 -0.0190815
131.10 0.0683198 -0.00129417 -0.0402955 0.00796858 0.0427058 -0.019159
131.20 0.0683333 -0.0012645 -0.0403589 0.00796499 0.0427336 -0.0192365
131.30 0.0683472 -0.00123457 -0.0404225 0.00796135 0.0427616 -0.019314
131.40 0.0683615 -0.00120441 -0.0404861 0.0079577 0.0427899 -0.0193914
131.50 0.0683763 -0.001174 -0.0405498 0.00795405 0.0428185 -0.0194687
131.60 0.0683916 -0.00114336 -0.0406136 0.00795043 0.0428473 -0.0195459
131.70 0.0684073 -0.0011125 -0.0406776 0.00794686 0.0428764 -0.0196231
131.80 0.0684235 -0.00108143 -0.0407416 0.00794337 0.0429059 -0.0197003
131.90 0.0684402 -0.00105016 -0.0408057 0.00793998 0.0429356 -0.0197773
132.00 0.0684574 -0.00101869 -0.0408699 0.00793671 0.0429657 -0.0198543
132.10 0.0684757 -0.000987438 -0.0409343 0.00793359 0.0429967 -0.0199315
132.20 0.0684945 -0.000956027 -0.0409988 0.00793063 0.043028 -0.0200085
132.30 0.0685138 -0.000924465 -0.0410633 0.00792786 0.0430596 -0.0200855
132.40 0.0685336 -0.00089278 -0.0411279 0.00792531 0.0430917 -0.0201624
132.50 0.068554 -0.000860977 -0.0411926 0.00792299 0.0431242 -0.0202392
132.60 0.0685749 -0.00082908 -0.0412573 0.00792091 0.0431571 -0.020316
132.70 0.0685964 -0.000797111 -0.0413219 0.00791911 0.0431904 -0.0203927
132.80 0.0686184 -0.00076508 -0.0413866 0.00791759 0.0432242 -0.0204694
132.90 0.068641 -0.000733013 -0.0414514 0.00791637 0.0432585 -0.0205459
133.00 0.0686642 -0.000700921 -0.0415161 0.00791547 0.0432932 -0.0206225
133.10 0.0686886 -0.000669235 -0.0415811 0.00791489 0.043329 -0.0206991
133.20 0.0687136 -0.000637569 -0.041646 0.00791465 0.0433653 -0.0207757
133.30 0.0687392 -0.000605933 -0.041711 0.00791476 0.043402 -0.0208522
133.40 0.0687653 -0.000574355 -0.0417759 0.00791521 0.0434393 -0.0209287
133.50 0.0687921 -0.00054284 -0.0418408 0.00791603 0.0434772 -0.021005
133.60 0.0688194 -0.00051141 -0.0419056 0.0079172 0.0435155 -0.0210813
133.70 0.0688473 -0.000480086 -0.0419704 0.00791874 0.0435544 -0.0211575
133.80 0.0688758 -0.000448872 -0.0420351 0.00792063 0.0435938 -0.0212337
133.90 0.0689049 -0.000417791 -0.0420998 0.00792288 0.0436337 -0.0213097
134.00 0.0689346 -0.000386845 -0.0421644 0.00792549 0.0436742 -0.0213857
134.10 0.0689654 -0.000356399 -0.0422291 0.00792845 0.0437156 -0.0214617
134.20 0.0689968 -0.000326118 -0.0422937 0.00793175 0.0437576 -0.0215376
134.30 0.0690288 -0.000296 -0.0423583 0.00793538 0.0438001 -0.0216134
134.40 0.0690613 -0.00026606 -0.0424228 0.00793933 0.0438432 -0.0216891
134.50 0.0690944 -0.000236294 -0.0424872 0.0079436 0.0438868 -0.0217648
134.60 0.069128 -0.000206709 -0.0425515 0.00794816 0.0439309 -0.0218404
134.70 0.0691622 -0.000177312 -0.0426157 0.00795302 0.0439755 -0.0219159
134.80 0.069197 -0.000148093 -0.0426798 0.00795814 0.0440207 -0.0219913
134.90 0.0692323 -0.000119059 -0.0427439 0.00796353 0.0440664 -0.0220667
135.00 0.0692681 -9.01974e-05 -0.0428079 0.00796916 0.0441126 -0.0221419
135.10 0.0693047 -6.17718e-05 -0.0428717 0.00797501 0.0441595 -0.022217
135.20 0.0693419 -3.35161e-05 -0.0429354 0.00798107 0.0442068 -0.0222919
135.30 0.0693795 -5.41299e-06 -0.042999 0.00798734 0.0442547 -0.0223668
135.40 0.0694177 2.2538e-05 -0.0430625 0.00799378 0.0443031 -0.0224416
135.50 0.0694564 5.03567e-05 -0.043126 0.00800038 0.0443519 -0.0225164
135.60 0.0694955 7.80506e-05 -0.0431894 0.00800714 0.0444013 -0.0225911
135.70 0.0695352 0.000105629 -0.0432527 0.00801403 0.0444511 -0.0226657
135.80 0.0695753 0.000133114 -0.0433159 0.00802104 0.0445014 -0.0227404
135.90 0.0696159 0.000160514 -0.043379 0.00802815 0.0445522 -0.0228149
136.00 0.0696569 0.000187851 -0.043442 0.00803536 0.0446034 -0.0228894
136.10 0.0696987 0.000214855 -0.0435049 0.00804265 0.0446553 -0.0229637
136.20 0.069741 0.000241824 -0.0435677 0.00805 0.0447076 -0.023038
136.30 0.0697836 0.000268782 -0.0436304 0.00805741 0.0447604 -0.0231123
136.40 0.0698268 0.000295739 -0.0436931 0.00806486 0.0448137 -0.0231865
136.50 0.0698703 0.000322722 -0.0437557 0.00807236 0.0448674 -0.0232608
136.60 0.0699143 0.000349744 -0.0438182 0.00807989 0.0449216 -0.023335
136.70 0.0699586 0.00037682 -0.0438807 0.00808743 0.0449763 -0.0234093
136.80 0.0700034 0.000403976 -0.0439431 0.008095 0.0450314 -0.0234836
136.90 0.0700486 0.000431222 -0.0440055 0.00810257 0.045087 -0.0235579
137.00 0.0700942 0.000458583 -0.0440678 0.00811016 0.045143 -0.0236323
137.10 0.0701407 0.000485721 -0.0441301 0.00811774 0.0451999 -0.0237067
137.20 0.0701875 0.000512999 -0.0441924 0.00812533 0.0452572 -0.0237811
137.30 0.0702347 0.000540442 -0.0442547 0.00813292 0.0453149 -0.0238556
137.40 0.0702822 0.000568057 -0.0443169 0.00814051 0.0453731 -0.0239303
137.50 0.0703302 0.000595866 -0.0443791 0.0081481 0.0454319 -0.024005
137.60 0.0703785 0.00062388 -0.0444412 0.0081557 0.045491 -0.0240798
137.70 0.0704271 0.000652106 -0.0445034 0.0081633 0.0455507 -0.0241548
137.80 0.0704761 0.000680566 -0.0445655 0.0081709 0.0456108 -0.0242299
137.90 0.0705254 0.000709263 -0.0446276 0.00817852 0.0456714 -0.0243051
138.00 0.0705751 0.000738216 -0.0446897 0.00818616 0.0457325 -0.0243805
138.10 0.0706258 0.000767017 -0.044752 0.00819381 0.0457946 -0.0244562
138.20 0.0706767 0.000796084 -0.0448144 0.00820149 0.0458571 -0.0245321
138.30 0.070728 0.000825433 -0.0448768 0.00820921 0.0459201 -0.0246082
138.40 0.0707795 0.000855064 -0.0449391 0.00821697 0.0459836 -0.0246844
138.50 0.0708314 0.000884993 -0.0450015 0.00822477 0.0460476 -0.024761
138.60 0.0708836 0.00091522 -0.045064 0.00823263 0.046112 -0.0248377
138.70 0.0709361 0.000945746 -0.0451264 0.00824056 0.046177 -0.0249147
138.80 0.0709889 0.000976584 -0.0451889 0.00824855 0.0462424 -0.0249919
138.90 0.071042 0.00100773 -0.0452515 0.00825664 0.0463083 -0.0250694
139.00 0.0710953 0.00103919 -0.0453141 0.00826481 0.0463747 -0.0251472
139.10 0.0711495 0.00107055 -0.045377 0.00827309 0.046442 -0.0252253
139.20 0.071204 0.00110223 -0.0454399 0.00828147 0.0465098 -0.0253037
139.30 0.0712588 0.00113423 -0.0455029 0.00828998 0.046578 -0.0253824
139.40 0.0713139 0.00116654 -0.045566 0.00829863 0.0466468 -0.0254614
139.50 0.0713692 0.00119917 -0.0456292 0.00830742 0.046716 -0.0255406
139.60 0.0714248 0.00123212 -0.0456925 0.00831637 0.0467856 -0.0256202
139.70 0.0714807 0.00126538 -0.0457559 0.00832548 0.0468557 -0.0257001
139.80 0.0715369 0.00129895 -0.0458194 0.00833477 0.0469263 -0.0257803
139.90 0.0715933 0.00133283 -0.045883 0.00834425 0.0469974 -0.0258608
140.00 0.0716501 0.00136702 -0.0459468 0.00835393 0.0470688 -0.0259415
140.10 0.0717075 0.00140112 -0.0460107 0.00836382 0.047141 -0.0260225
140.20 0.0717652 0.00143551 -0.0460747 0.00837393 0.0472136 -0.0261037
140.30 0.0718232 0.00147019 -0.0461388 0.00838427 0.0472866 -0.0261852
140.40 0.0718814 0.00150515 -0.0462031 0.00839485 0.04736 -0.026267
140.50 0.07194 0.00154039 -0.0462675 0.00840568 0.0474338 -0.0263491
140.60 0.0719989 0.0015759 -0.0463321 0.00841677 0.0475081 -0.0264314
140.70 0.0720581 0.00161167 -0.0463969 0.00842813 0.0475827 -0.026514
140.80 0.0721176 0.00164769 -0.0464618 0.00843976 0.0476577 -0.0265968
140.90 0.0721774 0.00168395 -0.0465269 0.00845168 0.0477331 -0.0266799
141.00 0.0722376 0.00172044 -0.0465921 0.00846389 0.0478088 -0.0267631
141.10 0.0722986 0.00175671 -0.0466577 0.00847639 0.0478852 -0.0268465
141.20 0.07236 0.00179319 -0.0467234 0.00848919 0.047962 -0.0269301
141.30 0.0724217 0.00182987 -0.0467893 0.0085023 0.0480391 -0.0270139
141.40 0.0724838 0.00186674 -0.0468553 0.00851571 0.0481165 -0.0270978
141.50 0.0725462 0.00190378 -0.0469216 0.00852944 0.0481943 -0.0271818
141.60 0.0726091 0.00194098 -0.046988 0.00854349 0.0482723 -0.0272659
141.70 0.0726722 0.00197833 -0.0470546 0.00855785 0.0483505 -0.0273501
141.80 0.0727358 0.00201582 -0.0471214 0.00857253 0.0484291 -0.0274344
141.90 0.0727998 0.00205343 -0.0471884 0.00858753 0.0485078 -0.0275187
142.00 0.0728642 0.00209115 -0.0472555 0.00860284 0.0485869 -0.0276031
142.10 0.0729298 0.00212842 -0.0473233 0.00861848 0.0486668 -0.0276877
142.20 0.0729958 0.00216577 -0.0473912 0.00863442 0.0487469 -0.0277723
142.30 0.0730623 0.0022032 -0.0474593 0.00865068 0.0488272 -0.0278569
142.40 0.0731292 0.00224067 -0.0475276 0.00866724 0.0489077 -0.0279414
142.50 0.0731965 0.00227819 -0.047596 0.00868411 0.0489884 -0.0280259
142.60 0.0732643 0.00231573 -0.0476647 0.00870128 0.0490692 -0.0281103
142.70 0.0733325 0.00235328 -0.0477335 0.00871874 0.0491502 -0.0281946
142.80 0.0734011 0.00239084 -0.0478024 0.0087365 0.0492314 -0.0282787
142.90 0.0734702 0.00242838 -0.0478715 0.00875454 0.0493127 -0.0283627
143.00 0.0735398 0.0024659 -0.0479408 0.00877286 0.0493941 -0.0284466
143.10 0.0736108 0.00250281 -0.0480109 0.00879146 0.0494765 -0.0285308
143.20 0.0736824 0.00253966 -0.048081 0.00881033 0.049559 -0.0286148
143.30 0.0737544 0.00257647 -0.0481514 0.00882946 0.0496417 -0.0286986
143.40 0.0738268 0.00261322 -0.0482218 0.00884885 0.0497244 -0.0287822
143.50 0.0738998 0.0026499 -0.0482925 0.0088685 0.0498073 -0.0288657
143.60 0.0739732 0.0026865 -0.0483633 0.0088884 0.0498903 -0.028949
143.70 0.074047 0.00272302 -0.0484342 0.00890853 0.0499734 -0.029032
143.80 0.0741214 0.00275945 -0.0485052 0.00892891 0.0500566 -0.0291149
143.90 0.0741962 0.00279579 -0.0485764 0.00894952 0.0501399 -0.0291975
144.00 0.0742715 0.00283204 -0.0486477 0.00897036 0.0502234 -0.02928
144.10 0.0743482 0.00286764 -0.0487196 0.00899143 0.0503077 -0.0293626
144.20 0.0744254 0.00290313 -0.0487916 0.00901272 0.0503922 -0.029445
144.30 0.074503 0.00293854 -0.0488638 0.00903423 0.0504768 -0.0295273
144.40 0.0745812 0.00297384 -0.0489361 0.00905596 0.0505616 -0.0296093
144.50 0.0746598 0.00300905 -0.0490085 0.00907791 0.0506466 -0.0296913
144.60 0.0747389 0.00304417 -0.049081 0.00910008 0.0507318 -0.0297731
144.70 0.0748185 0.0030792 -0.0491537 0.00912246 0.0508172 -0.0298548
144.80 0.0748985 0.00311416 -0.0492264 0.00914505 0.0509028 -0.0299364
144.90 0.0749791 0.00314904 -0.0492994 0.00916785 0.0509886 -0.030018
145.00 0.0750601 0.00318385 -0.0493724 0.00919088 0.0510748 -0.0300995
145.10 0.0751425 0.00321804 -0.049446 0.00921412 0.0511619 -0.0301812
145.20 0.0752253 0.00325218 -0.0495197 0.00923756 0.0512493 -0.030263
145.30 0.0753086 0.00328628 -0.0495935 0.00926124 0.0513371 -0.0303447
145.40 0.0753924 0.00332034 -0.0496675 0.00928512 0.0514252 -0.0304265
145.50 0.0754767 0.00335439 -0.0497415 0.00930923 0.0515136 -0.0305084
145.60 0.0755614 0.00338843 -0.0498158 0.00933356 0.0516025 -0.0305904
145.70 0.0756466 0.00342248 -0.0498901 0.00935812 0.0516918 -0.0306725
145.80 0.0757323 0.00345655 -0.0499646 0.0093829 0.0517815 -0.0307547
145.90 0.0758184 0.00349064 -0.0500392 0.00940791 0.0518717 -0.0308371
146.00 0.0759049 0.0035248 -0.050114 0.00943316 0.0519624 -0.0309198
146.10 0.0759931 0.00355841 -0.0501895 0.00945864 0.0520545 -0.0310031
146.20 0.0760817 0.00359209 -0.0502651 0.00948435 0.0521472 -0.0310868
146.30 0.0761707 0.00362587 -0.0503408 0.0095103 0.0522404 -0.0311707
146.40 0.0762602 0.00365976 -0.0504167 0.00953649 0.0523342 -0.0312549
146.50 0.0763501 0.00369378 -0.0504927 0.00956292 0.0524287 -0.0313395
146.60 0.0764404 0.00372794 -0.0505689 0.00958959 0.0525237 -0.0314245
146.70 0.0765312 0.00376226 -0.0506451 0.0096165 0.0526194 -0.0315098
146.80 0.0766223 0.00379676 -0.0507215 0.00964366 0.0527158 -0.0315955
146.90 0.0767139 0.00383145 -0.050798 0.00967106 0.0528129 -0.0316817
147.00 0.0768059 0.00386635 -0.0508746 0.0096987 0.0529107 -0.0317684
147.10 0.0768995 0.00390088 -0.050952 0.00972658 0.0530102 -0.0318561
147.20 0.0769934 0.00393565 -0.0510295 0.0097547 0.0531104 -0.0319443
147.30 0.0770877 0.00397068 -0.0511071 0.00978306 0.0532114 -0.032033
147.40 0.0771824 0.00400598 -0.0511848 0.00981165 0.0533131 -0.0321222
147.50 0.0772775 0.00404158 -0.0512625 0.00984048 0.0534157 -0.032212
147.60 0.077373 0.00407748 -0.0513404 0.00986953 0.053519 -0.0323024
147.70 0.0774687 0.0041137 -0.0514184 0.0098988 0.0536232 -0.0323934
147.80 0.0775649 0.00415026 -0.0514964 0.00992829 0.0537281 -0.0324849
147.90 0.0776613 0.00418715 -0.0515745 0.00995798 0.0538339 -0.032577
148.00 0.0777581 0.00422442 -0.0516527 0.00998789 0.0539405 -0.0326698
148.10 0.077856 0.00426153 -0.0517313 0.010018 0.0540487 -0.0327635
148.20 0.0779543 0.00429901 -0.0518099 0.0100483 0.0541576 -0.0328577
148.30 0.0780528 0.0043369 -0.0518886 0.0100787 0.0542674 -0.0329526
148.40 0.0781516 0.00437519 -0.0519674 0.0101094 0.0543781 -0.0330482
148.50 0.0782507 0.0044139 -0.0520461 0.0101402 0.0544895 -0.0331444
148.60 0.0783501 0.00445303 -0.0521249 0.0101711 0.0546018 -0.0332412
148.70 0.0784497 0.00449259 -0.0522037 0.0102022 0.0547149 -0.0333386
148.80 0.0785495 0.00453259 -0.0522825 0.0102334 0.0548288 -0.0334366
148.90 0.0786495 0.00457304 -0.0523613 0.0102646 0.0549435 -0.0335353
149.00 0.0787498 0.00461394 -0.0524401 0.010296 0.055059 -0.0336346
149.10 0.078851 0.00465479 -0.0525193 0.0103275 0.055176 -0.0337347
149.20 0.0789525 0.0046961 -0.0525983 0.010359 0.0552937 -0.0338354
149.30 0.0790541 0.00473788 -0.0526774 0.0103906 0.0554122 -0.0339367
149.40 0.0791558 0.0047801 -0.0527563 0.0104222 0.0555314 -0.0340385
149.50 0.0792578 0.0048228 -0.0528353 0.0104538 0.0556513 -0.0341409
149.60 0.0793598 0.00486596 -0.0529141 0.0104854 0.055772 -0.0342438
149.70 0.0794619 0.00490956 -0.0529928 0.0105169 0.0558933 -0.0343472
149.80 0.0795642 0.00495363 -0.0530715 0.0105485 0.0560152 -0.034451
149.90 0.0796665 0.00499814 -0.05315 0.0105799 0.0561378 -0.0345554
150.00 0.0797689 0.0050431 -0.0532284 0.0106112 0.0562611 -0.0346601
150.10 0.0798723 0.00508804 -0.0533071 0.0106424 0.0563857 -0.0347657
150.20 0.0799757 0.00513341 -0.0533856 0.0106735 0.0565108 -0.0348717
150.30 0.0800792 0.0051792 -0.0534639 0.0107044 0.0566365 -0.034978
150.40 0.0801827 0.00522539 -0.0535421 0.0107351 0.0567627 -0.0350846
150.50 0.0802862 0.005272 -0.05362 0.0107657 0.0568894 -0.0351915
150.60 0.0803896 0.00531899 -0.0536978 0.0107959 0.0570165 -0.0352987
150.70 0.0804931 0.00536636 -0.0537753 0.0108259 0.0571441 -0.0354061
150.80 0.0805965 0.00541409 -0.0538525 0.0108557 0.057272 -0.0355137
150.90 0.0806998 0.00546216 -0.0539295 0.0108851 0.0574003 -0.0356215
151.00 0.0808031 0.00551057 -0.0540062 0.0109141 0.057529 -0.0357294
151.10 0.080907 0.00555893 -0.0540829 0.0109429 0.0576585 -0.0358377
151.20 0.0810107 0.00560758 -0.0541592 0.0109712 0.0577883 -0.035946
151.30 0.0811144 0.00565651 -0.0542352 0.0109991 0.0579184 -0.0360543
151.40 0.0812179 0.00570569 -0.0543109 0.0110266 0.0580487 -0.0361627
151.50 0.0813213 0.00575511 -0.0543862 0.0110537 0.0581791 -0.0362711
151.60 0.0814246 0.00580475 -0.0544612 0.0110802 0.0583098 -0.0363794
151.70 0.0815277 0.00585458 -0.0545358 0.0111063 0.0584405 -0.0364877
151.80 0.0816307 0.00590458 -0.0546101 0.0111318 0.0585714 -0.0365958
151.90 0.0817335 0.00595473 -0.054684 0.0111568 0.0587024 -0.0367039
152.00 0.0818361 0.00600501 -0.0547575 0.0111812 0.0588334 -0.0368119
152.10 0.0819389 0.00605514 -0.0548306 0.0112051 0.0589649 -0.0369197
152.20 0.0820415 0.00610535 -0.0549034 0.0112284 0.0590963 -0.0370273
152.30 0.082144 0.00615562 -0.0549758 0.0112511 0.0592277 -0.0371347
152.40 0.0822462 0.00620592 -0.0550478 0.0112731 0.0593591 -0.037242
152.50 0.0823483 0.00625625 -0.0551194 0.0112945 0.0594904 -0.037349
152.60 0.0824502 0.00630657 -0.0551907 0.0113153 0.0596217 -0.0374558
152.70 0.0825518 0.00635686 -0.0552616 0.0113354 0.059753 -0.0375623
152.80 0.0826533 0.0064071 -0.0553322 0.0113549 0.0598841 -0.0376687
152.90 0.0827546 0.00645727 -0.0554024 0.0113737 0.0600151 -0.0377748
153.00 0.0828557 0.00650737 -0.0554723 0.0113918 0.0601461 -0.0378806
153.10 0.0829569 0.0065572 -0.0555419 0.0114092 0.0602772 -0.0379862
153.20 0.0830579 0.00660692 -0.0556112 0.011426 0.0604082 -0.0380916
153.30 0.0831588 0.0066565 -0.0556803 0.0114421 0.060539 -0.0381968
153.40 0.0832595 0.00670592 -0.0557491 0.0114576 0.0606697 -0.0383017
153.50 0.0833601 0.00675518 -0.0558176 0.0114724 0.0608004 -0.0384064
153.60 0.0834606 0.00680427 -0.055886 0.0114865 0.0609308 -0.0385109
153.70 0.0835609 0.00685316 -0.0559541 0.0114999 0.0610612 -0.0386152
153.80 0.0836612 0.00690186 -0.0560221 0.0115127 0.0611914 -0.0387193
153.90 0.0837614 0.00695034 -0.05609 0.0115249 0.0613215 -0.0388233
154.00 0.0838615 0.00699862 -0.0561578 0.0115364 0.0614515 -0.0389271
154.10 0.0839615 0.00704667 -0.0562252 0.0115474 0.0615814 -0.0390306
154.20 0.0840615 0.00709449 -0.0562926 0.0115577 0.0617111 -0.0391339
154.30 0.0841614 0.00714209 -0.05636 0.0115674 0.0618409 -0.0392372
154.40 0.0842614 0.00718944 -0.0564273 0.0115765 0.0619705 -0.0393404
154.50 0.0843614 0.00723657 -0.0564947 0.011585 0.0621 -0.0394436
154.60 0.0844614 0.00728346 -0.0565622 0.011593 0.0622295 -0.0395467
154.70 0.0845615 0.00733011 -0.0566297 0.0116004 0.0623589 -0.0396498
154.80 0.0846616 0.00737653 -0.0566973 0.0116072 0.0624883 -0.0397529
154.90 0.0847618 0.0074227 -0.0567651 0.0116136 0.0626177 -0.0398561
155.00 0.0848621 0.00746866 -0.0568331 0.0116194 0.062747 -0.0399593
155.10 0.0849623 0.00751453 -0.0569009 0.0116246 0.0628763 -0.0400625
155.20 0.0850625 0.00756018 -0.0569689 0.0116294 0.0630055 -0.0401657
155.30 0.085163 0.00760561 -0.0570371 0.0116337 0.0631348 -0.0402691
155.40 0.0852635 0.00765082 -0.0571055 0.0116374 0.0632641 -0.0403726
155.50 0.0853642 0.00769583 -0.0571743 0.0116407 0.0633934 -0.0404763
155.60 0.0854651 0.00774063 -0.0572433 0.0116435 0.0635228 -0.0405802
155.70 0.0855661 0.00778523 -0.0573126 0.0116458 0.0636523 -0.0406843
155.80 0.0856673 0.00782964 -0.0573823 0.0116476 0.0637819 -0.0407887
155.90 0.0857687 0.00787386 -0.0574522 0.011649 0.0639115 -0.0408933
156.00 0.0858702 0.00791791 -0.0575225 0.0116498 0.0640413 -0.0409982
156.10 0.0859715 0.00796208 -0.0575927 0.0116502 0.064171 -0.0411032
156.20 0.0860731 0.00800608 -0.0576633 0.01165 0.0643008 -0.0412086
156.30 0.0861747 0.00804992 -0.0577342 0.0116494 0.0644307 -0.0413142
156.40 0.0862766 0.0080936 -0.0578055 0.0116482 0.0645608 -0.0414202
156.50 0.0863786 0.00813714 -0.0578771 0.0116465 0.064691 -0.0415266
156.60 0.0864808 0.00818053 -0.057949 0.0116443 0.0648215 -0.0416333
156.70 0.0865832 0.00822377 -0.0580213 0.0116416 0.064952 -0.0417404
156.80 0.0866857 0.00826688 -0.0580939 0.0116383 0.0650828 -0.0418479
156.90 0.0867883 0.00830985 -0.0581668 0.0116344 0.0652137 -0.0419558
157.00 0.0868911 0.00835271 -0.0582399 0.0116299 0.0653449 -0.042064
157.10 0.0869934 0.0083959 -0.0583129 0.0116249 0.0654758 -0.0421724
157.20 0.0870957 0.00843897 -0.0583861 0.0116191 0.0656068 -0.0422811
157.30 0.0871982 0.00848192 -0.0584595 0.0116127 0.0657381 -0.0423902
157.40 0.0873008 0.00852475 -0.0585331 0.0116057 0.0658696 -0.0424998
157.50 0.0874035 0.00856746 -0.058607 0.0115979 0.0660014 -0.0426097
157.60 0.0875062 0.00861007 -0.058681 0.0115894 0.0661333 -0.0427199
157.70 0.087609 0.00865254 -0.0587552 0.0115801 0.0662655 -0.0428305
157.80 0.0877118 0.00869491 -0.0588295 0.0115701 0.0663979 -0.0429415
157.90 0.0878147 0.00873715 -0.0589038 0.0115592 0.0665305 -0.0430528
158.00 0.0879176 0.00877928 -0.0589783 0.0115474 0.0666633 -0.0431644
158.10 0.0880198 0.00882189 -0.0590522 0.0115347 0.0667959 -0.0432761
158.20 0.0881219 0.00886436 -0.0591262 0.0115211 0.0669286 -0.043388
158.30 0.0882241 0.00890671 -0.0592001 0.0115065 0.0670615 -0.0435003
158.40 0.0883261 0.00894891 -0.0592739 0.0114909 0.0671946 -0.0436127
158.50 0.0884282 0.00899097 -0.0593476 0.0114741 0.0673279 -0.0437253
158.60 0.0885301 0.00903288 -0.0594212 0.0114563 0.0674614 -0.0438382
158.70 0.088632 0.00907463 -0.0594945 0.0114374 0.067595 -0.0439511
158.80 0.0887337 0.00911622 -0.0595677 0.0114172 0.0677288 -0.0440642
158.90 0.0888353 0.00915762 -0.0596406 0.0113957 0.0678626 -0.0441774
159.00 0.0889367 0.00919884 -0.0597132 0.011373 0.0679966 -0.0442906
159.10 0.089037 0.0092406 -0.0597848 0.0113489 0.0681299 -0.0444035
159.20 0.0891371 0.00928215 -0.0598561 0.0113233 0.0682633 -0.0445164
159.30 0.089237 0.00932348 -0.059927 0.0112963 0.0683967 -0.0446292
159.40 0.0893367 0.00936458 -0.0599974 0.0112678 0.06853 -0.0447419
159.50 0.0894361 0.00940545 -0.0600673 0.0112378 0.0686634 -0.0448544
159.60 0.0895352 0.00944606 -0.0601368 0.0112061 0.0687966 -0.0449667
159.70 0.089634 0.00948641 -0.0602057 0.0111727 0.0689297 -0.0450788
159.80 0.0897325 0.00952648 -0.060274 0.0111376 0.0690627 -0.0451906
159.90 0.0898307 0.00956627 -0.0603417 0.0111007 0.0691954 -0.0453021
160.00 0.0899285 0.00960576 -0.0604087 0.011062 0.0693279 -0.0454132
160.10 0.0900247 0.00964577 -0.0604745 0.0110214 0.0694593 -0.0455235
160.20 0.0901206 0.00968546 -0.0605395 0.0109788 0.0695903 -0.0456333
160.30 0.090216 0.00972483 -0.0606039 0.0109343 0.069721 -0.0457426
160.40 0.090311 0.00976385 -0.0606674 0.0108877 0.0698512 -0.0458513
160.50 0.0904056 0.00980255 -0.0607303 0.010839 0.069981 -0.0459593
160.60 0.0904996 0.00984089 -0.0607924 0.0107883 0.0701102 -0.0460667
160.70 0.0905932 0.00987887 -0.0608536 0.0107353 0.0702389 -0.0461734
160.80 0.0906862 0.00991649 -0.0609141 0.0106802 0.0703668 -0.0462793
160.90 0.0907787 0.00995375 -0.0609738 0.0106228 0.0704941 -0.0463844
161.00 0.0908707 0.00999065 -0.0610326 0.0105631 0.0706206 -0.0464886
161.10 0.0909607 0.010028 -0.0610897 0.0105011 0.0707452 -0.0465913
161.20 0.0910501 0.0100651 -0.0611461 0.0104367 0.0708689 -0.0466931
161.30 0.091139 0.0101017 -0.0612016 0.01037 0.0709918 -0.0467939
161.40 0.0912273 0.010138 -0.0612562 0.0103008 0.0711135 -0.0468936
161.50 0.0913149 0.0101739 -0.0613101 0.0102293 0.0712343 -0.0469922
161.60 0.091402 0.0102095 -0.0613631 0.0101553 0.071354 -0.0470897
161.70 0.0914884 0.0102447 -0.0614153 0.0100788 0.0714724 -0.0471859
161.80 0.0915743 0.0102795 -0.0614668 0.00999991 0.0715897 -0.047281
161.90 0.0916595 0.010314 -0.0615175 0.00991851 0.0717057 -0.0473748
162.00 0.0917441 0.0103481 -0.0615674 0.00983462 0.0718203 -0.0474674
162.10 0.0918264 0.0103827 -0.0616157 0.00974823 0.0719322 -0.0475579
162.20 0.0919082 0.010417 -0.0616632 0.00965936 0.0720427 -0.0476471
162.30 0.0919893 0.010451 -0.0617101 0.00956799 0.0721517 -0.0477348
162.40 0.0920698 0.0104846 -0.0617563 0.00947415 0.0722591 -0.0478212
162.50 0.0921497 0.0105179 -0.061802 0.00937783 0.0723648 -0.0479062
162.60 0.0922291 0.0105508 -0.0618472 0.00927905 0.072469 -0.0479897
162.70 0.0923078 0.0105834 -0.0618918 0.00917785 0.0725713 -0.0480717
162.80 0.092386 0.0106157 -0.061936 0.00907421 0.0726719 -0.0481522
162.90 0.0924635 0.0106477 -0.0619798 0.00896819 0.0727707 -0.0482312
163.00 0.0925406 0.0106793 -0.0620232 0.00885979 0.0728676 -0.0483088
163.10 0.0926153 0.0107114 -0.0620652 0.00874903 0.0729611 -0.0483839
163.20 0.0926895 0.0107432 -0.062107 0.00863598 0.0730526 -0.0484575
163.30 0.0927632 0.0107746 -0.0621485 0.00852065 0.0731422 -0.0485295
163.40 0.0928365 0.0108057 -0.06219 0.00840311 0.0732297 -0.0486
163.50 0.0929093 0.0108365 -0.0622315 0.00828337 0.0733152 -0.048669
163.60 0.0929818 0.0108668 -0.0622729 0.00816149 0.0733987 -0.0487365
163.70 0.0930538 0.0108968 -0.0623145 0.00803755 0.07348 -0.0488025
163.80 0.0931255 0.0109264 -0.0623563 0.00791156 0.0735592 -0.0488669
163.90 0.093197 0.0109556 -0.0623984 0.00778362 0.0736363 -0.0489299
164.00 0.0932681 0.0109844 -0.0624407 0.00765375 0.0737112 -0.0489914
164.10 0.0933373 0.0110134 -0.0624823 0.00752202 0.0737825 -0.0490505
164.20 0.0934062 0.011042 -0.0625244 0.00738853 0.0738515 -0.0491082
164.30 0.0934751 0.0110701 -0.0625671 0.00725332 0.0739184 -0.0491645
164.40 0.0935438 0.0110977 -0.0626104 0.00711649 0.0739832 -0.0492194
164.50 0.0936126 0.0111248 -0.0626546 0.00697808 0.0740458 -0.0492729
164.60 0.0936814 0.0111513 -0.0626996 0.00683819 0.0741063 -0.0493252
164.70 0.0937503 0.0111773 -0.0627455 0.00669692 0.0741647 -0.0493762
164.80 0.0938194 0.0112026 -0.0627925 0.00655431 0.074221 -0.0494259
164.90 0.0938887 0.0112274 -0.0628406 0.00641049 0.0742753 -0.0494744
165.00 0.0939583 0.0112514 -0.0628899 0.0062655 0.0743275 -0.0495218
165.10 0.0940264 0.0112753 -0.0629394 0.00611944 0.0743762 -0.0495672
165.20 0.094095 0.0112985 -0.0629903 0.00597243 0.0744229 -0.0496114
165.30 0.0941641 0.011321 -0.0630427 0.00582451 0.0744678 -0.0496546
165.40 0.0942338 0.0113426 -0.0630967 0.00567583 0.0745107 -0.0496969
165.50 0.094304 0.0113635 -0.0631524 0.00552643 0.0745518 -0.0497381
165.60 0.0943751 0.0113834 -0.0632099 0.00537641 0.0745911 -0.0497785
165.70 0.0944469 0.0114025 -0.0632693 0.00522591 0.0746287 -0.0498181
165.80 0.0945195 0.0114206 -0.0633307 0.00507495 0.0746645 -0.0498568
165.90 0.0945931 0.0114377 -0.0633941 0.00492369 0.0746988 -0.0498947
166.00 0.0946677 0.0114539 -0.0634596 0.00477216 0.0747314 -0.049932
166.10 0.0947419 0.0114693 -0.0635264 0.00462047 0.0747612 -0.0499677
166.20 0.0948172 0.0114837 -0.0635955 0.00446874 0.0747895 -0.0500027
166.30 0.0948939 0.0114969 -0.063667 0.00431702 0.0748165 -0.0500371
166.40 0.0949718 0.0115089 -0.063741 0.00416543 0.074842 -0.050071
166.50 0.0950512 0.0115197 -0.0638175 0.00401403 0.0748663 -0.0501042
166.60 0.0951321 0.0115292 -0.0638967 0.00386292 0.0748894 -0.0501369
166.70 0.0952145 0.0115374 -0.0639785 0.0037122 0.0749113 -0.0501691
166.80 0.0952987 0.0115442 -0.0640631 0.00356193 0.0749321 -0.0502007
166.90 0.0953846 0.0115495 -0.0641505 0.00341222 0.0749519 -0.0502318
167.00 0.0954725 0.0115534 -0.0642408 0.00326312 0.0749707 -0.0502624
167.10 0.0955611 0.0115559 -0.0643333 0.00311473 0.0749876 -0.050292
167.20 0.0956517 0.0115569 -0.0644287 0.00296715 0.0750037 -0.050321
167.30 0.0957445 0.0115561 -0.0645272 0.00282042 0.0750191 -0.0503495
167.40 0.0958395 0.0115537 -0.0646287 0.00267468 0.0750337 -0.0503774
167.50 0.095937 0.0115494 -0.0647334 0.00252995 0.0750478 -0.0504047
167.60 0.0960369 0.0115434 -0.0648411 0.00238633 0.0750613 -0.0504314
167.70 0.0961394 0.0115353 -0.064952 0.00224393 0.0750744 -0.0504574
167.80 0.0962446 0.0115253 -0.065066 0.00210279 0.0750871 -0.0504827
167.90 0.0963526 0.0115133 -0.0651833 0.00196301 0.0750995 -0.0505072
168.00 0.0964635 0.0114991 -0.0653037 0.00182465 0.0751117 -0.0505309
168.10 0.0965768 0.0114828 -0.065427 0.00168778 0.0751232 -0.0505535
168.20 0.0966932 0.0114642 -0.0655534 0.00155252 0.0751346 -0.0505751
168.30 0.0968131 0.0114432 -0.0656831 0.0014189 0.0751461 -0.0505957
168.40 0.0969364 0.0114198 -0.0658159 0.00128703 0.0751577 -0.0506152
168.50 0.0970633 0.0113938 -0.0659519 0.00115694 0.0751696 -0.0506334
168.60 0.097194 0.0113653 -0.0660912 0.00102874 0.0751818 -0.0506503
168.70 0.0973286 0.0113341 -0.0662335 0.000902498 0.0751945 -0.0506659
168.80 0.0974673 0.0113002 -0.066379 0.00077826 0.0752077 -0.05068
168.90 0.0976102 0.0112634 -0.0665276 0.000656128 0.0752216 -0.0506924
169.00 0.0977575 0.0112236 -0.0666793 0.000536129 0.0752362 -0.0507032
169.10 0.097909 0.0111808 -0.066834 0.000418347 0.0752514 -0.0507122
169.20 0.0980652 0.0111349 -0.0669917 0.000302859 0.0752676 -0.0507192
169.30 0.0982264 0.0110858 -0.0671524 0.000189691 0.0752849 -0.0507242
169.40 0.0983926 0.0110334 -0.0673162 7.89325e-05 0.0753034 -0.0507271
169.50 0.0985641 0.0109778 -0.0674829 -2.93973e-05 0.0753232 -0.0507278
169.60 0.0987411 0.0109187 -0.0676525 -0.000135231 0.0753444 -0.0507261
169.70 0.0989236 0.0108563 -0.067825 -0.000238507 0.0753672 -0.0507219
169.80 0.099112 0.0107903 -0.0680004 -0.000339213 0.0753917 -0.0507151
169.90 0.0993064 0.0107207 -0.0681786 -0.000437279 0.075418 -0.0507056
170.00 0.0995069 0.0106475 -0.0683597 -0.000532698 0.0754462 -0.0506933
170.10 0.0997138 0.0105703 -0.0685437 -0.000625421 0.0754764 -0.0506783
170.20 0.0999271 0.0104894 -0.0687304 -0.000715407 0.0755087 -0.0506602
170.30 0.100147 0.0104047 -0.0689199 -0.000802658 0.0755434 -0.050639
170.40 0.100374 0.0103162 -0.0691121 -0.000887125 0.0755804 -0.0506146
170.50 0.100609 0.0102239 -0.069307 -0.000968815 0.07562 -0.0505868
170.60 0.10085 0.0101278 -0.0695046 -0.0010477 0.0756622 -0.0505556
170.70 0.101099 0.0100278 -0.0697048 -0.00112376 0.0757072 -0.0505208
170.80 0.101356 0.00992402 -0.0699076 -0.001197 0.0757551 -0.0504824
170.90 0.10162 0.0098164 -0.0701131 -0.0012674 0.075806 -0.0504403
171.00 0.101893 0.00970495 -0.0703212 -0.00133497 0.0758601 -0.0503943
171.10 0.102174 0.00958927 -0.070532 -0.00139971 0.0759173 -0.0503445
171.20 0.102463 0.00946988 -0.0707453 -0.0014616 0.075978 -0.0502908
171.30 0.102762 0.00934677 -0.0709613 -0.00152066 0.0760421 -0.050233
171.40 0.103068 0.00922007 -0.0711797 -0.00157689 0.0761098 -0.0501709
171.50 0.103384 0.00908978 -0.0714007 -0.00163031 0.0761812 -0.0501047
171.60 0.103709 0.00895603 -0.0716242 -0.00168092 0.0762564 -0.0500341
171.70 0.104043 0.00881891 -0.0718501 -0.00172873 0.0763355 -0.0499591
171.80 0.104387 0.00867849 -0.0720786 -0.00177375 0.0764186 -0.0498796
171.90 0.10474 0.00853493 -0.0723094 -0.00181599 0.0765058 -0.0497956
172.00 0.105103 0.0083883 -0.0725428 -0.00185548 0.0765972 -0.049707
172.10 0.105476 0.00823817 -0.0727785 -0.00189221 0.0766929 -0.0496136
172.20 0.105858 0.00808529 -0.0730166 -0.00192622 0.0767929 -0.0495156
172.30 0.106251 0.00792977 -0.0732571 -0.00195752 0.0768973 -0.0494127
172.40 0.106654 0.00777181 -0.0734998 -0.00198612 0.0770063 -0.0493051
172.50 0.107068 0.00761153 -0.073745 -0.00201207 0.0771199 -0.0491925
172.60 0.107491 0.00744913 -0.0739924 -0.00203537 0.0772381 -0.0490751
172.70 0.107926 0.0072848 -0.0742419 -0.00205606 0.0773611 -0.0489528
172.80 0.10837 0.00711869 -0.0744938 -0.00207415 0.0774888 -0.0488254
172.90 0.108825 0.00695105 -0.0747477 -0.00208968 0.0776213 -0.0486931
173.00 0.109291 0.006782 -0.0750038 -0.00210268 0.0777587 -0.0485558
173.10 0.109767 0.00661109 -0.0752617 -0.00211317 0.0779004 -0.048413
173.20 0.110253 0.00643923 -0.0755215 -0.00212119 0.078047 -0.0482653
173.30 0.11075 0.0062666 -0.0757833 -0.00212679 0.0781984 -0.0481125
173.40 0.111257 0.00609344 -0.076047 -0.00213001 0.0783547 -0.0479548
173.50 0.111775 0.00591991 -0.0763126 -0.00213087 0.0785157 -0.0477922
173.60 0.112302 0.00574626 -0.07658 -0.00212944 0.0786815 -0.0476246
173.70 0.11284 0.00557273 -0.0768491 -0.00212576 0.078852 -0.0474521
173.80 0.113387 0.00539946 -0.0771199 -0.00211986 0.0790272 -0.0472748
173.90 0.113945 0.00522672 -0.0773922 -0.00211181 0.0792069 -0.0470928
174.00 0.114511 0.00505467 -0.0776661 -0.00210166 0.0793911 -0.046906
174.10 0.115087 0.00488272 -0.0779427 -0.00208944 0.079581 -0.0467123
174.20 0.115671 0.00471193 -0.0782205 -0.00207523 0.0797751 -0.0465141
174.30 0.116265 0.00454243 -0.0784997 -0.00205908 0.0799734 -0.0463115
174.40 0.116866 0.00437447 -0.07878 -0.00204104 0.0801757 -0.0461046
174.50 0.117476 0.00420819 -0.0790614 -0.00202117 0.0803819 -0.0458935
174.60 0.118094 0.00404381 -0.0793437 -0.00199952 0.0805918 -0.0456783
174.70 0.118719 0.00388153 -0.0796268 -0.00197617 0.0808053 -0.0454594
174.80 0.119351 0.00372147 -0.0799107 -0.00195114 0.0810222 -0.0452367
174.90 0.11999 0.00356387 -0.0801951 -0.00192452 0.0812423 -0.0450104
175.00 0.120634 0.00340882 -0.08048 -0.00189633 0.0814655 -0.0447808
175.10 0.121285 0.00325562 -0.0807647 -0.00186663 0.0816908 -0.0445472
175.20 0.12194 0.00310533 -0.0810494 -0.00183548 0.0819187 -0.0443107
175.30 0.1226 0.00295805 -0.0813343 -0.00180292 0.082149 -0.0440714
175.40 0.123264 0.00281398 -0.081619 -0.00176901 0.0823815 -0.0438295
175.50 0.123932 0.00267318 -0.0819034 -0.00173378 0.082616 -0.0435853
175.60 0.124602 0.0025358 -0.0821874 -0.00169728 0.0828521 -0.0433391
175.70 0.125276 0.00240198 -0.0824706 -0.00165956 0.0830897 -0.0430911
175.80 0.125951 0.00227177 -0.0827531 -0.00162066 0.0833285 -0.0428415
175.90 0.126627 0.00214532 -0.0830345 -0.00158062 0.0835683 -0.0425907
176.00 0.127304 0.00202266 -0.0833146 -0.00153947 0.0838088 -0.0423388
176.10 0.12798 0.00190329 -0.083593 -0.00149726 0.0840494 -0.0420858
176.20 0.128656 0.0017879 -0.0838697 -0.00145404 0.0842901 -0.0418325
176.30 0.12933 0.00167638 -0.0841443 -0.00140984 0.0845306 -0.041579
176.40 0.130001 0.00156882 -0.0844167 -0.00136473 0.0847706 -0.0413257
176.50 0.13067 0.00146534 -0.0846867 -0.00131874 0.08501 -0.0410729
176.60 0.131334 0.00136573 -0.0849539 -0.00127192 0.0852483 -0.0408209
176.70 0.131994 0.00127027 -0.0852181 -0.00122436 0.0854851 -0.0405702
176.80 0.132648 0.00117882 -0.085479 -0.0011761 0.0857204 -0.040321
176.90 0.133296 0.0010914 -0.0857363 -0.00112722 0.0859536 -0.0400738
177.00 0.133936 0.00100808 -0.0859898 -0.00107779 0.0861846 -0.039829
177.10 0.134569 0.000928613 -0.0862392 -0.0010279 0.0864129 -0.0395867
177.20 0.135192 0.000853219 -0.086484 -0.000977656 0.0866382 -0.0393477
177.30 0.135805 0.000781702 -0.0867241 -0.000927134 0.0868603 -0.039112
177.40 0.136406 0.000714029 -0.0869591 -0.000876464 0.0870787 -0.0388803
177.50 0.136997 0.000650246 -0.0871888 -0.000825751 0.087293 -0.0386528
177.60 0.137574 0.000590029 -0.0874127 -0.000775125 0.087503 -0.03843
177.70 0.138137 0.000533568 -0.0876306 -0.000724733 0.0877083 -0.0382123
177.80 0.138686 0.000480625 -0.0878422 -0.000674701 0.0879085 -0.0380002
177.90 0.139218 0.000431122 -0.0880472 -0.000625198 0.0881032 -0.0377939
178.00 0.139734 0.000385075 -0.0882452 -0.000576367 0.0882921 -0.0375939
178.10 0.140233 0.00034212 -0.0884361 -0.000528377 0.0884749 -0.0374007
178.20 0.140712 0.000302419 -0.0886193 -0.00048141 0.0886511 -0.0372145
178.30 0.141172 0.000265711 -0.0887947 -0.000435624 0.0888204 -0.0370359
178.40 0.141612 0.000231892 -0.088962 -0.000391211 0.0889825 -0.0368651
178.50 0.14203 0.00020097 -0.0891208 -0.000348337 0.0891368 -0.0367025
178.60 0.142426 0.000172562 -0.0892711 -0.000307186 0.0892834 -0.0365486
178.70 0.142798 0.000146826 -0.0894122 -0.000267946 0.0894215 -0.0364036
178.80 0.143147 0.000123503 -0.0895443 -0.000230779 0.0895511 -0.0362678
178.90 0.143471 0.000102491 -0.0896669 -0.000195866 0.0896718 -0.0361417
179.00 0.143769 8.38097e-05 -0.0897798 -0.000163364 0.0897832 -0.0360253
179.10 0.144041 6.70899e-05 -0.089883 -0.000133432 0.0898852 -0.0359191
179.20 0.144286 5.25099e-05 -0.089976 -0.000106225 0.0899774 -0.0358233
179.30 0.144504 3.98403e-05 -0.0900587 -8.18712e-05 0.0900596 -0.035738
179.40 0.144694 2.90047e-05 -0.0901311 -6.05014e-05 0.0901315 -0.0356635
179.50 0.144856 2.00652e-05 -0.0901928 -4.22223e-05 0.090193 -0.0355999
179.60 0.144989 1.2691e-05 -0.0902439 -2.71298e-05 0.090244 -0.0355474
179.70 0.145092 7.10244e-06 -0.0902842 -1.53094e-05 0.0902842 -0.0355061
179.80 0.145167 3.11832e-06 -0.0903136 -6.8188e-06 0.0903136 -0.035476
179.90 0.145211 7.10634e-07 -0.090332 -1.7063e-06 0.090332 -0.0354573
180.00 0.145226 8.28504e-12 -0.0903394 -8.15543e-14 0.0903394 -0.03545
